InstituteNo,year,institute_type,round_no,quota,pool,institute_short,program_name,program_duration,degree_short,category,opening_rank,closing_rank
29,2016,NIT,6,OS,Gender-Neutral,NIT-Tiruchirappalli,Mechanical Engineering,4 Years,B.Tech,GEN,858,3155
29,2016,NIT,6,OS,Gender-Neutral,NIT-Tiruchirappalli,Production Engineering,4 Years,B.Tech,GEN,7985,15774
30,2016,NIT,6,OS,Gender-Neutral,NIT-Uttarakhand,Civil Engineering,4 Years,B.Tech,GEN,24159,28339
30,2016,NIT,6,OS,Gender-Neutral,NIT-Uttarakhand,Mechanical Engineering,4 Years,B.Tech,GEN,19009,24830
31,2016,NIT,6,OS,Gender-Neutral,NIT-Warangal,Civil Engineering,4 Years,B.Tech,GEN,3062,9023
31,2016,NIT,6,OS,Gender-Neutral,NIT-Warangal,Mechanical Engineering,4 Years,B.Tech,GEN,592,4539
28,2016,NIT,6,OS,Gender-Neutral,NIT-Surat,Civil Engineering,4 Years,B.Tech,GEN,12506,17700
28,2016,NIT,6,OS,Gender-Neutral,NIT-Surat,Mechanical Engineering,4 Years,B.Tech,GEN,2148,11584
20,2016,NIT,6,OS,Gender-Neutral,NIT-Nagpur,Civil Engineering,4 Years,B.Tech,GEN,9049,15172
20,2016,NIT,6,OS,Gender-Neutral,NIT-Nagpur,Mechanical Engineering,4 Years,B.Tech,GEN,6245,9870
3,2016,NIT,6,OS,Gender-Neutral,NIT-Andhra-Pradesh,Civil Engineering,4 Years,B.Tech,GEN,15602,27472
3,2016,NIT,6,OS,Gender-Neutral,NIT-Andhra-Pradesh,Mechanical Engineering,4 Years,B.Tech,GEN,17343,24094
12,2019,NIT,7,OS,Gender-Neutral,NIT-Jalandhar,Civil Engineering,4 Years,B.Tech,GEN,23920,28616
12,2019,NIT,7,OS,Female-Only,NIT-Jalandhar,Civil Engineering,4 Years,B.Tech,GEN,38016,41956
12,2019,NIT,7,OS,Gender-Neutral,NIT-Jalandhar,Mechanical Engineering,4 Years,B.Tech,GEN,16071,22026
12,2019,NIT,7,OS,Female-Only,NIT-Jalandhar,Mechanical Engineering,4 Years,B.Tech,GEN,26505,37353
11,2019,NIT,7,OS,Gender-Neutral,NIT-Jaipur,Civil Engineering,4 Years,B.Tech,GEN,17128,24422
11,2019,NIT,7,OS,Female-Only,NIT-Jaipur,Civil Engineering,4 Years,B.Tech,GEN,25882,31107
11,2019,NIT,7,OS,Gender-Neutral,NIT-Jaipur,Mechanical Engineering,4 Years,B.Tech,GEN,8396,14776
11,2019,NIT,7,OS,Female-Only,NIT-Jaipur,Mechanical Engineering,4 Years,B.Tech,GEN,21922,27774
5,2019,NIT,7,OS,Gender-Neutral,NIT-Bhopal,Civil Engineering,4 Years,B.Tech,GEN,21976,26436
5,2019,NIT,7,OS,Female-Only,NIT-Bhopal,Civil Engineering,4 Years,B.Tech,GEN,30262,37765
5,2019,NIT,7,OS,Gender-Neutral,NIT-Bhopal,Mechanical Engineering,4 Years,B.Tech,GEN,14753,18418
5,2019,NIT,7,OS,Female-Only,NIT-Bhopal,Mechanical Engineering,4 Years,B.Tech,GEN,27385,31634
2,2019,NIT,7,OS,Gender-Neutral,NIT-Allahabad,Civil Engineering,4 Years,B.Tech,GEN,4689,19847
2,2019,NIT,7,OS,Female-Only,NIT-Allahabad,Civil Engineering,4 Years,B.Tech,GEN,23490,29751
2,2019,NIT,7,OS,Gender-Neutral,NIT-Allahabad,Mechanical Engineering,4 Years,B.Tech,GEN,6602,13393
2,2019,NIT,7,OS,Female-Only,NIT-Allahabad,Mechanical Engineering,4 Years,B.Tech,GEN,18872,23254
2,2019,NIT,7,OS,Gender-Neutral,NIT-Allahabad,Production and Industrial Engineering,4 Years,B.Tech,GEN,14824,22796
1,2019,NIT,7,OS,Gender-Neutral,NIT-Agartala,Civil Engineering,4 Years,B.Tech,GEN,31082,37432
1,2019,NIT,7,OS,Female-Only,NIT-Agartala,Civil Engineering,4 Years,B.Tech,GEN,48136,50652
1,2019,NIT,7,OS,Gender-Neutral,NIT-Agartala,Mechanical Engineering,4 Years,B.Tech,GEN,23374,30028
1,2019,NIT,7,OS,Female-Only,NIT-Agartala,Mechanical Engineering,4 Years,B.Tech,GEN,46597,49204
1,2019,NIT,7,OS,Gender-Neutral,NIT-Agartala,Production Engineering,4 Years,B.Tech,GEN,35441,43726
1,2019,NIT,7,OS,Female-Only,NIT-Agartala,Production Engineering,4 Years,B.Tech,GEN,48371,53412
1,2019,NIT,7,OS,Gender-Neutral,NIT-Agartala,Engineering Physics,5 Years,Btech + M.Tech (IDD),GEN,29532,37914
6,2019,NIT,7,OS,Gender-Neutral,NIT-Calicut,Civil Engineering,4 Years,B.Tech,GEN,15846,22930
6,2019,NIT,7,OS,Female-Only,NIT-Calicut,Civil Engineering,4 Years,B.Tech,GEN,19381,26434
6,2019,NIT,7,OS,Gender-Neutral,NIT-Calicut,Engineering Physics,4 Years,B.Tech,GEN,13641,16940
6,2019,NIT,7,OS,Female-Only,NIT-Calicut,Engineering Physics,4 Years,B.Tech,GEN,22472,22472
6,2019,NIT,7,OS,Gender-Neutral,NIT-Calicut,Mechanical Engineering,4 Years,B.Tech,GEN,9310,13855
6,2019,NIT,7,OS,Female-Only,NIT-Calicut,Mechanical Engineering,4 Years,B.Tech,GEN,18475,24443
6,2019,NIT,7,OS,Gender-Neutral,NIT-Calicut,Production Engineering,4 Years,B.Tech,GEN,23537,28083
6,2019,NIT,7,OS,Female-Only,NIT-Calicut,Production Engineering,4 Years,B.Tech,GEN,26298,35474
8,2019,NIT,7,OS,Gender-Neutral,NIT-Durgapur,Civil Engineering,4 Years,B.Tech,GEN,20721,26859
8,2019,NIT,7,OS,Female-Only,NIT-Durgapur,Civil Engineering,4 Years,B.Tech,GEN,31031,33999
8,2019,NIT,7,OS,Gender-Neutral,NIT-Durgapur,Mechanical Engineering,4 Years,B.Tech,GEN,15733,19908
8,2019,NIT,7,OS,Female-Only,NIT-Durgapur,Mechanical Engineering,4 Years,B.Tech,GEN,27360,32094
9,2019,NIT,7,OS,Gender-Neutral,NIT-Goa,Civil Engineering,4 Years,B.Tech,GEN,28614,31435
9,2019,NIT,7,OS,Female-Only,NIT-Goa,Civil Engineering,4 Years,B.Tech,GEN,33570,35297
9,2019,NIT,7,OS,Gender-Neutral,NIT-Goa,Mechanical Engineering,4 Years,B.Tech,GEN,15345,21230
9,2019,NIT,7,OS,Female-Only,NIT-Goa,Mechanical Engineering,4 Years,B.Tech,GEN,28158,28158
10,2019,NIT,7,OS,Gender-Neutral,NIT-Hamirpur,Civil Engineering,4 Years,B.Tech,GEN,22065,30687
10,2019,NIT,7,OS,Female-Only,NIT-Hamirpur,Civil Engineering,4 Years,B.Tech,GEN,32168,40439
10,2019,NIT,7,OS,Gender-Neutral,NIT-Hamirpur,Mechanical Engineering,4 Years,B.Tech,GEN,17851,22198
10,2019,NIT,7,OS,Female-Only,NIT-Hamirpur,Mechanical Engineering,4 Years,B.Tech,GEN,24118,39404
14,2019,NIT,7,OS,Gender-Neutral,NIT-Karnataka-Surathkal,Civil Engineering,4 Years,B.Tech,GEN,9070,17125
14,2019,NIT,7,OS,Female-Only,NIT-Karnataka-Surathkal,Civil Engineering,4 Years,B.Tech,GEN,17598,21141
17,2019,NIT,7,OS,Gender-Neutral,NIT-Meghalaya,Mechanical Engineering,4 Years,B.Tech,GEN,25893,32063
14,2019,NIT,7,OS,Female-Only,NIT-Karnataka-Surathkal,Mechanical Engineering,4 Years,B.Tech,GEN,14593,18552
17,2019,NIT,7,OS,Gender-Neutral,NIT-Meghalaya,Civil Engineering,4 Years,B.Tech,GEN,36057,38539
17,2019,NIT,7,OS,Female-Only,NIT-Meghalaya,Civil Engineering,4 Years,B.Tech,GEN,48370,51494
17,2019,NIT,7,OS,Female-Only,NIT-Meghalaya,Mechanical Engineering,4 Years,B.Tech,GEN,47721,49493
19,2019,NIT,7,OS,Gender-Neutral,NIT-Nagaland,Civil Engineering,4 Years,B.Tech,GEN,36599,42686
19,2019,NIT,7,OS,Female-Only,NIT-Nagaland,Civil Engineering,4 Years,B.Tech,GEN,51535,52188
19,2019,NIT,7,OS,Gender-Neutral,NIT-Nagaland,Mechanical Engineering,4 Years,B.Tech,GEN,34682,38476
19,2019,NIT,7,OS,Female-Only,NIT-Nagaland,Mechanical Engineering,4 Years,B.Tech,GEN,49974,49974
21,2019,NIT,7,OS,Gender-Neutral,NIT-Patna,Civil Engineering,4 Years,B.Tech,GEN,25942,33262
21,2019,NIT,7,OS,Female-Only,NIT-Patna,Civil Engineering,4 Years,B.Tech,GEN,39186,42603
21,2019,NIT,7,OS,Gender-Neutral,NIT-Patna,Mechanical Engineering,4 Years,B.Tech,GEN,21770,27050
21,2019,NIT,7,OS,Female-Only,NIT-Patna,Mechanical Engineering,4 Years,B.Tech,GEN,37401,41730
22,2019,NIT,7,OS,Gender-Neutral,NIT-Puducherry,Civil Engineering,4 Years,B.Tech,GEN,30729,31813
22,2019,NIT,7,OS,Female-Only,NIT-Puducherry,Civil Engineering,4 Years,B.Tech,GEN,33371,33371
22,2019,NIT,7,OS,Gender-Neutral,NIT-Puducherry,Mechanical Engineering,4 Years,B.Tech,GEN,18850,25044
22,2019,NIT,7,OS,Female-Only,NIT-Puducherry,Mechanical Engineering,4 Years,B.Tech,GEN,34225,34225
23,2019,NIT,7,OS,Gender-Neutral,NIT-Raipur,Civil Engineering,4 Years,B.Tech,GEN,24944,31500
23,2019,NIT,7,OS,Female-Only,NIT-Raipur,Civil Engineering,4 Years,B.Tech,GEN,35168,40020
23,2019,NIT,7,OS,Gender-Neutral,NIT-Raipur,Mechanical Engineering,4 Years,B.Tech,GEN,17670,24080
23,2019,NIT,7,OS,Female-Only,NIT-Raipur,Mechanical Engineering,4 Years,B.Tech,GEN,32129,34853
25,2019,NIT,7,OS,Gender-Neutral,NIT-Sikkim,Civil Engineering,4 Years,B.Tech,GEN,37932,40006
25,2019,NIT,7,OS,Female-Only,NIT-Sikkim,Civil Engineering,4 Years,B.Tech,GEN,50674,50674
25,2019,NIT,7,OS,Gender-Neutral,NIT-Sikkim,Mechanical Engineering,4 Years,B.Tech,GEN,26108,35772
25,2019,NIT,7,OS,Female-Only,NIT-Sikkim,Mechanical Engineering,4 Years,B.Tech,GEN,44908,48202
4,2019,NIT,7,OS,Gender-Neutral,NIT-Arunachal-Pradesh,Civil Engineering,4 Years,B.Tech,GEN,37930,40346
4,2019,NIT,7,OS,Gender-Neutral,NIT-Arunachal-Pradesh,Mechanical Engineering,4 Years,B.Tech,GEN,32062,37919
4,2019,NIT,7,OS,Female-Only,NIT-Arunachal-Pradesh,Mechanical Engineering,4 Years,B.Tech,GEN,48243,50859
13,2019,NIT,7,OS,Gender-Neutral,NIT-Jamshedpur,Civil Engineering,4 Years,B.Tech,GEN,18894,30125
13,2019,NIT,7,OS,Female-Only,NIT-Jamshedpur,Civil Engineering,4 Years,B.Tech,GEN,36882,42385
13,2019,NIT,7,OS,Gender-Neutral,NIT-Jamshedpur,Mechanical Engineering,4 Years,B.Tech,GEN,17068,21256
13,2019,NIT,7,OS,Female-Only,NIT-Jamshedpur,Mechanical Engineering,4 Years,B.Tech,GEN,32573,35319
13,2019,NIT,7,OS,Gender-Neutral,NIT-Jamshedpur,Production and Industrial Engineering,4 Years,B.Tech,GEN,26869,36093
13,2019,NIT,7,OS,Female-Only,NIT-Jamshedpur,Production and Industrial Engineering,4 Years,B.Tech,GEN,47151,47967
15,2019,NIT,7,OS,Gender-Neutral,NIT-Kurukshetra,Civil Engineering,4 Years,B.Tech,GEN,18216,25854
15,2019,NIT,7,OS,Female-Only,NIT-Kurukshetra,Civil Engineering,4 Years,B.Tech,GEN,27504,31391
15,2019,NIT,7,OS,Female-Only,NIT-Kurukshetra,Mechanical Engineering,4 Years,B.Tech,GEN,24566,28744
15,2019,NIT,7,OS,Gender-Neutral,NIT-Kurukshetra,Production and Industrial Engineering,4 Years,B.Tech,GEN,23095,31728
15,2019,NIT,7,OS,Female-Only,NIT-Kurukshetra,Production and Industrial Engineering,4 Years,B.Tech,GEN,40660,43874
16,2019,NIT,7,OS,Gender-Neutral,NIT-Manipur,Civil Engineering,4 Years,B.Tech,GEN,37761,40273
16,2019,NIT,7,OS,Female-Only,NIT-Manipur,Civil Engineering,4 Years,B.Tech,GEN,48892,48892
16,2019,NIT,7,OS,Gender-Neutral,NIT-Manipur,Mechanical Engineering,4 Years,B.Tech,GEN,32583,35764
16,2019,NIT,7,OS,Female-Only,NIT-Manipur,Mechanical Engineering,4 Years,B.Tech,GEN,50862,51682
18,2019,NIT,7,OS,Gender-Neutral,NIT-Mizoram,Civil Engineering,4 Years,B.Tech,GEN,40519,42534
18,2019,NIT,7,OS,Female-Only,NIT-Mizoram,Civil Engineering,4 Years,B.Tech,GEN,52821,52821
18,2019,NIT,7,OS,Gender-Neutral,NIT-Mizoram,Mechanical Engineering,4 Years,B.Tech,GEN,33120,39125
18,2019,NIT,7,OS,Female-Only,NIT-Mizoram,Mechanical Engineering,4 Years,B.Tech,GEN,51845,52408
24,2019,NIT,7,OS,Gender-Neutral,NIT-Rourkela,Civil Engineering,4 Years,B.Tech,GEN,12981,17939
24,2019,NIT,7,OS,Female-Only,NIT-Rourkela,Civil Engineering,4 Years,B.Tech,GEN,19041,20501
24,2019,NIT,7,OS,Gender-Neutral,NIT-Rourkela,Mechanical Engineering,4 Years,B.Tech,GEN,6540,11825
24,2019,NIT,7,OS,Female-Only,NIT-Rourkela,Mechanical Engineering,4 Years,B.Tech,GEN,13448,19459
26,2019,NIT,7,OS,Gender-Neutral,NIT-Silchar,Civil Engineering,4 Years,B.Tech,GEN,27145,33501
26,2019,NIT,7,OS,Female-Only,NIT-Silchar,Civil Engineering,4 Years,B.Tech,GEN,41037,43901
26,2019,NIT,7,OS,Female-Only,NIT-Silchar,Mechanical Engineering,4 Years,B.Tech,GEN,35615,40936
27,2019,NIT,7,OS,Gender-Neutral,NIT-Srinagar,Civil Engineering,4 Years,B.Tech,GEN,36444,43477
27,2019,NIT,7,OS,Female-Only,NIT-Srinagar,Civil Engineering,4 Years,B.Tech,GEN,50723,53013
27,2019,NIT,7,OS,Gender-Neutral,NIT-Srinagar,Mechanical Engineering,4 Years,B.Tech,GEN,31161,38908
27,2019,NIT,7,OS,Female-Only,NIT-Srinagar,Mechanical Engineering,4 Years,B.Tech,GEN,44078,51995
29,2019,NIT,7,OS,Gender-Neutral,NIT-Tiruchirappalli,Civil Engineering,4 Years,B.Tech,GEN,7336,12485
29,2019,NIT,7,OS,Female-Only,NIT-Tiruchirappalli,Civil Engineering,4 Years,B.Tech,GEN,15424,17489
29,2019,NIT,7,OS,Gender-Neutral,NIT-Tiruchirappalli,Mechanical Engineering,4 Years,B.Tech,GEN,3249,5968
29,2019,NIT,7,OS,Female-Only,NIT-Tiruchirappalli,Mechanical Engineering,4 Years,B.Tech,GEN,9591,12533
29,2019,NIT,7,OS,Gender-Neutral,NIT-Tiruchirappalli,Production Engineering,4 Years,B.Tech,GEN,10676,19626
29,2019,NIT,7,OS,Female-Only,NIT-Tiruchirappalli,Production Engineering,4 Years,B.Tech,GEN,13748,21596
30,2019,NIT,7,OS,Gender-Neutral,NIT-Uttarakhand,Civil Engineering,4 Years,B.Tech,GEN,28852,34169
30,2019,NIT,7,OS,Gender-Neutral,NIT-Uttarakhand,Mechanical Engineering,4 Years,B.Tech,GEN,24348,26849
30,2019,NIT,7,OS,Female-Only,NIT-Uttarakhand,Mechanical Engineering,4 Years,B.Tech,GEN,37361,37361
31,2019,NIT,7,OS,Gender-Neutral,NIT-Warangal,Civil Engineering,4 Years,B.Tech,GEN,1375,15698
31,2019,NIT,7,OS,Female-Only,NIT-Warangal,Civil Engineering,4 Years,B.Tech,GEN,14661,21463
31,2019,NIT,7,OS,Gender-Neutral,NIT-Warangal,Mechanical Engineering,4 Years,B.Tech,GEN,6068,9243
31,2019,NIT,7,OS,Female-Only,NIT-Warangal,Mechanical Engineering,4 Years,B.Tech,GEN,13158,17255
12,2020,NIT,6,OS,Gender-Neutral,NIT-Jalandhar,Civil Engineering,4 Years,B.Tech,GEN,22867,34831
12,2020,NIT,6,OS,Female-Only,NIT-Jalandhar,Civil Engineering,4 Years,B.Tech,GEN,40892,47311
12,2020,NIT,6,OS,Gender-Neutral,NIT-Jalandhar,Mechanical Engineering,4 Years,B.Tech,GEN,19898,26438
12,2020,NIT,6,OS,Female-Only,NIT-Jalandhar,Mechanical Engineering,4 Years,B.Tech,GEN,33605,42667
11,2020,NIT,6,OS,Gender-Neutral,NIT-Jaipur,Civil Engineering,4 Years,B.Tech,GEN,9323,28391
11,2020,NIT,6,OS,Female-Only,NIT-Jaipur,Civil Engineering,4 Years,B.Tech,GEN,32953,40417
11,2020,NIT,6,OS,Gender-Neutral,NIT-Jaipur,Mechanical Engineering,4 Years,B.Tech,GEN,1813,17090
11,2020,NIT,6,OS,Female-Only,NIT-Jaipur,Mechanical Engineering,4 Years,B.Tech,GEN,23466,32418
5,2020,NIT,6,OS,Gender-Neutral,NIT-Bhopal,Civil Engineering,4 Years,B.Tech,GEN,24559,31719
5,2020,NIT,6,OS,Female-Only,NIT-Bhopal,Civil Engineering,4 Years,B.Tech,GEN,36924,43993
5,2020,NIT,6,OS,Gender-Neutral,NIT-Bhopal,Mechanical Engineering,4 Years,B.Tech,GEN,17646,23421
5,2020,NIT,6,OS,Female-Only,NIT-Bhopal,Mechanical Engineering,4 Years,B.Tech,GEN,33894,40825
2,2020,NIT,6,OS,Gender-Neutral,NIT-Allahabad,Civil Engineering,4 Years,B.Tech,GEN,11884,23668
2,2020,NIT,6,OS,Female-Only,NIT-Allahabad,Civil Engineering,4 Years,B.Tech,GEN,18499,35353
2,2020,NIT,6,OS,Gender-Neutral,NIT-Allahabad,Mechanical Engineering,4 Years,B.Tech,GEN,10583,15485
2,2020,NIT,6,OS,Female-Only,NIT-Allahabad,Mechanical Engineering,4 Years,B.Tech,GEN,21399,29702
2,2020,NIT,6,OS,Gender-Neutral,NIT-Allahabad,Production and Industrial Engineering,4 Years,B.Tech,GEN,25454,28715
2,2020,NIT,6,OS,Female-Only,NIT-Allahabad,Production and Industrial Engineering,4 Years,B.Tech,GEN,35012,42632
1,2020,NIT,6,OS,Gender-Neutral,NIT-Agartala,Civil Engineering,4 Years,B.Tech,GEN,40054,45385
1,2020,NIT,6,OS,Female-Only,NIT-Agartala,Civil Engineering,4 Years,B.Tech,GEN,52496,57034
1,2020,NIT,6,OS,Gender-Neutral,NIT-Agartala,Engineering Physics,5 Years,Btech + M.Tech (IDD),GEN,24415,40229
1,2020,NIT,6,OS,Gender-Neutral,NIT-Agartala,Mechanical Engineering,4 Years,B.Tech,GEN,23759,37614
1,2020,NIT,6,OS,Female-Only,NIT-Agartala,Mechanical Engineering,4 Years,B.Tech,GEN,48538,53594
1,2020,NIT,6,OS,Gender-Neutral,NIT-Agartala,Production Engineering,4 Years,B.Tech,GEN,41242,49420
1,2020,NIT,6,OS,Female-Only,NIT-Agartala,Production Engineering,4 Years,B.Tech,GEN,53987,58476
6,2020,NIT,6,OS,Gender-Neutral,NIT-Calicut,Civil Engineering,4 Years,B.Tech,GEN,18593,26286
6,2020,NIT,6,OS,Female-Only,NIT-Calicut,Civil Engineering,4 Years,B.Tech,GEN,25304,34751
6,2020,NIT,6,OS,Gender-Neutral,NIT-Calicut,Engineering Physics,4 Years,B.Tech,GEN,9981,16548
6,2020,NIT,6,OS,Female-Only,NIT-Calicut,Engineering Physics,4 Years,B.Tech,GEN,22431,22431
6,2020,NIT,6,OS,Gender-Neutral,NIT-Calicut,Mechanical Engineering,4 Years,B.Tech,GEN,11449,15509
6,2020,NIT,6,OS,Female-Only,NIT-Calicut,Mechanical Engineering,4 Years,B.Tech,GEN,19837,27867
6,2020,NIT,6,OS,Gender-Neutral,NIT-Calicut,Production Engineering,4 Years,B.Tech,GEN,22019,31696
6,2020,NIT,6,OS,Female-Only,NIT-Calicut,Production Engineering,4 Years,B.Tech,GEN,34068,38142
8,2020,NIT,6,OS,Gender-Neutral,NIT-Durgapur,Civil Engineering,4 Years,B.Tech,GEN,27941,34012
8,2020,NIT,6,OS,Female-Only,NIT-Durgapur,Civil Engineering,4 Years,B.Tech,GEN,36342,39807
8,2020,NIT,6,OS,Gender-Neutral,NIT-Durgapur,Mechanical Engineering,4 Years,B.Tech,GEN,15852,25161
8,2020,NIT,6,OS,Female-Only,NIT-Durgapur,Mechanical Engineering,4 Years,B.Tech,GEN,30792,33808
9,2020,NIT,6,OS,Gender-Neutral,NIT-Goa,Civil Engineering,4 Years,B.Tech,GEN,31362,35494
9,2020,NIT,6,OS,Female-Only,NIT-Goa,Civil Engineering,4 Years,B.Tech,GEN,45924,46276
9,2020,NIT,6,OS,Gender-Neutral,NIT-Goa,Mechanical Engineering,4 Years,B.Tech,GEN,23542,26295
9,2020,NIT,6,OS,Female-Only,NIT-Goa,Mechanical Engineering,4 Years,B.Tech,GEN,40358,40566
10,2020,NIT,6,OS,Gender-Neutral,NIT-Hamirpur,Civil Engineering,4 Years,B.Tech,GEN,29368,36331
10,2020,NIT,6,OS,Female-Only,NIT-Hamirpur,Civil Engineering,4 Years,B.Tech,GEN,44534,46503
10,2020,NIT,6,OS,Gender-Neutral,NIT-Hamirpur,Engineering Physics,4 Years,B.Tech,GEN,5671,32012
10,2020,NIT,6,OS,Female-Only,NIT-Hamirpur,Engineering Physics,4 Years,B.Tech,GEN,36843,40077
10,2020,NIT,6,OS,Gender-Neutral,NIT-Hamirpur,Mechanical Engineering,4 Years,B.Tech,GEN,19856,26773
10,2020,NIT,6,OS,Female-Only,NIT-Hamirpur,Mechanical Engineering,4 Years,B.Tech,GEN,35839,42904
14,2020,NIT,6,OS,Gender-Neutral,NIT-Karnataka-Surathkal,Civil Engineering,4 Years,B.Tech,GEN,3051,18602
14,2020,NIT,6,OS,Female-Only,NIT-Karnataka-Surathkal,Civil Engineering,4 Years,B.Tech,GEN,20850,24907
14,2020,NIT,6,OS,Gender-Neutral,NIT-Karnataka-Surathkal,Mechanical Engineering,4 Years,B.Tech,GEN,2684,9668
14,2020,NIT,6,OS,Female-Only,NIT-Karnataka-Surathkal,Mechanical Engineering,4 Years,B.Tech,GEN,14776,19546
17,2020,NIT,6,OS,Gender-Neutral,NIT-Meghalaya,Civil Engineering,4 Years,B.Tech,GEN,43783,45277
17,2020,NIT,6,OS,Female-Only,NIT-Meghalaya,Civil Engineering,4 Years,B.Tech,GEN,46697,50772
17,2020,NIT,6,OS,Gender-Neutral,NIT-Meghalaya,Mechanical Engineering,4 Years,B.Tech,GEN,28667,41558
17,2020,NIT,6,OS,Female-Only,NIT-Meghalaya,Mechanical Engineering,4 Years,B.Tech,GEN,50629,50629
19,2020,NIT,6,OS,Gender-Neutral,NIT-Nagaland,Civil Engineering,4 Years,B.Tech,GEN,44154,49455
19,2020,NIT,6,OS,Female-Only,NIT-Nagaland,Civil Engineering,4 Years,B.Tech,GEN,54385,58408
19,2020,NIT,6,OS,Gender-Neutral,NIT-Nagaland,Mechanical Engineering,4 Years,B.Tech,GEN,39712,44827
19,2020,NIT,6,OS,Female-Only,NIT-Nagaland,Mechanical Engineering,4 Years,B.Tech,GEN,58018,58980
21,2020,NIT,6,OS,Gender-Neutral,NIT-Patna,Civil Engineering,4 Years,B.Tech,GEN,22338,40491
21,2020,NIT,6,OS,Female-Only,NIT-Patna,Civil Engineering,4 Years,B.Tech,GEN,44037,48202
21,2020,NIT,6,OS,Gender-Neutral,NIT-Patna,Mechanical Engineering,4 Years,B.Tech,GEN,26838,34111
21,2020,NIT,6,OS,Female-Only,NIT-Patna,Mechanical Engineering,4 Years,B.Tech,GEN,37745,42579
22,2020,NIT,6,OS,Gender-Neutral,NIT-Puducherry,Civil Engineering,4 Years,B.Tech,GEN,38948,40644
22,2020,NIT,6,OS,Female-Only,NIT-Puducherry,Civil Engineering,4 Years,B.Tech,GEN,40912,40912
22,2020,NIT,6,OS,Gender-Neutral,NIT-Puducherry,Mechanical Engineering,4 Years,B.Tech,GEN,18905,31275
22,2020,NIT,6,OS,Female-Only,NIT-Puducherry,Mechanical Engineering,4 Years,B.Tech,GEN,38947,38947
23,2020,NIT,6,OS,Gender-Neutral,NIT-Raipur,Civil Engineering,4 Years,B.Tech,GEN,29929,37275
23,2020,NIT,6,OS,Female-Only,NIT-Raipur,Civil Engineering,4 Years,B.Tech,GEN,37733,47498
23,2020,NIT,6,OS,Gender-Neutral,NIT-Raipur,Mechanical Engineering,4 Years,B.Tech,GEN,20575,28571
23,2020,NIT,6,OS,Female-Only,NIT-Raipur,Mechanical Engineering,4 Years,B.Tech,GEN,34325,44185
25,2020,NIT,6,OS,Gender-Neutral,NIT-Sikkim,Civil Engineering,4 Years,B.Tech,GEN,43206,47412
25,2020,NIT,6,OS,Female-Only,NIT-Sikkim,Civil Engineering,4 Years,B.Tech,GEN,58174,58174
25,2020,NIT,6,OS,Gender-Neutral,NIT-Sikkim,Mechanical Engineering,4 Years,B.Tech,GEN,36578,42791
25,2020,NIT,6,OS,Female-Only,NIT-Sikkim,Mechanical Engineering,4 Years,B.Tech,GEN,54817,56522
4,2020,NIT,6,OS,Gender-Neutral,NIT-Arunachal-Pradesh,Civil Engineering,4 Years,B.Tech,GEN,45085,48956
4,2020,NIT,6,OS,Female-Only,NIT-Arunachal-Pradesh,Civil Engineering,4 Years,B.Tech,GEN,54563,57008
4,2020,NIT,6,OS,Gender-Neutral,NIT-Arunachal-Pradesh,Mechanical Engineering,4 Years,B.Tech,GEN,38285,44834
4,2020,NIT,6,OS,Female-Only,NIT-Arunachal-Pradesh,Mechanical Engineering,4 Years,B.Tech,GEN,48797,54131
16,2020,NIT,6,OS,Gender-Neutral,NIT-Manipur,Civil Engineering,4 Years,B.Tech,GEN,39703,47701
13,2020,NIT,6,OS,Gender-Neutral,NIT-Jamshedpur,Civil Engineering,4 Years,B.Tech,GEN,28979,35441
13,2020,NIT,6,OS,Female-Only,NIT-Jamshedpur,Civil Engineering,4 Years,B.Tech,GEN,41468,47393
13,2020,NIT,6,OS,Gender-Neutral,NIT-Jamshedpur,Mechanical Engineering,4 Years,B.Tech,GEN,12636,26506
13,2020,NIT,6,OS,Female-Only,NIT-Jamshedpur,Mechanical Engineering,4 Years,B.Tech,GEN,38047,43652
13,2020,NIT,6,OS,Gender-Neutral,NIT-Jamshedpur,Production and Industrial Engineering,4 Years,B.Tech,GEN,31177,41208
13,2020,NIT,6,OS,Female-Only,NIT-Jamshedpur,Production and Industrial Engineering,4 Years,B.Tech,GEN,39012,48334
15,2020,NIT,6,OS,Gender-Neutral,NIT-Kurukshetra,Civil Engineering,4 Years,B.Tech,GEN,23492,30397
15,2020,NIT,6,OS,Female-Only,NIT-Kurukshetra,Civil Engineering,4 Years,B.Tech,GEN,35027,41723
15,2020,NIT,6,OS,Gender-Neutral,NIT-Kurukshetra,Mechanical Engineering,4 Years,B.Tech,GEN,14160,20179
15,2020,NIT,6,OS,Female-Only,NIT-Kurukshetra,Mechanical Engineering,4 Years,B.Tech,GEN,31017,36627
15,2020,NIT,6,OS,Gender-Neutral,NIT-Kurukshetra,Production and Industrial Engineering,4 Years,B.Tech,GEN,26718,39726
15,2020,NIT,6,OS,Female-Only,NIT-Kurukshetra,Production and Industrial Engineering,4 Years,B.Tech,GEN,40796,43854
16,2020,NIT,6,OS,Female-Only,NIT-Manipur,Civil Engineering,4 Years,B.Tech,GEN,56408,56408
16,2020,NIT,6,OS,Gender-Neutral,NIT-Manipur,Mechanical Engineering,4 Years,B.Tech,GEN,39235,42845
16,2020,NIT,6,OS,Female-Only,NIT-Manipur,Mechanical Engineering,4 Years,B.Tech,GEN,46142,54116
18,2020,NIT,6,OS,Gender-Neutral,NIT-Mizoram,Civil Engineering,4 Years,B.Tech,GEN,45394,49757
18,2020,NIT,6,OS,Female-Only,NIT-Mizoram,Civil Engineering,4 Years,B.Tech,GEN,58620,58620
18,2020,NIT,6,OS,Gender-Neutral,NIT-Mizoram,Mechanical Engineering,4 Years,B.Tech,GEN,42216,45287
18,2020,NIT,6,OS,Female-Only,NIT-Mizoram,Mechanical Engineering,4 Years,B.Tech,GEN,58882,58945
24,2020,NIT,6,OS,Gender-Neutral,NIT-Rourkela,Civil Engineering,4 Years,B.Tech,GEN,14871,21004
24,2020,NIT,6,OS,Female-Only,NIT-Rourkela,Civil Engineering,4 Years,B.Tech,GEN,28432,33454
24,2020,NIT,6,OS,Gender-Neutral,NIT-Rourkela,Mechanical Engineering,4 Years,B.Tech,GEN,8993,12902
24,2020,NIT,6,OS,Female-Only,NIT-Rourkela,Mechanical Engineering,4 Years,B.Tech,GEN,23001,26420
26,2020,NIT,6,OS,Gender-Neutral,NIT-Silchar,Civil Engineering,4 Years,B.Tech,GEN,28932,39263
26,2020,NIT,6,OS,Female-Only,NIT-Silchar,Civil Engineering,4 Years,B.Tech,GEN,45479,49879
26,2020,NIT,6,OS,Gender-Neutral,NIT-Silchar,Mechanical Engineering,4 Years,B.Tech,GEN,20511,30500
26,2020,NIT,6,OS,Female-Only,NIT-Silchar,Mechanical Engineering,4 Years,B.Tech,GEN,38440,47304
27,2020,NIT,6,OS,Gender-Neutral,NIT-Srinagar,Civil Engineering,4 Years,B.Tech,GEN,42919,49716
27,2020,NIT,6,OS,Female-Only,NIT-Srinagar,Civil Engineering,4 Years,B.Tech,GEN,56460,59539
27,2020,NIT,6,OS,Gender-Neutral,NIT-Srinagar,Mechanical Engineering,4 Years,B.Tech,GEN,32687,44152
27,2020,NIT,6,OS,Female-Only,NIT-Srinagar,Mechanical Engineering,4 Years,B.Tech,GEN,53531,58885
12,2021,NIT,1,OS,Gender-Neutral,NIT-Jalandhar,Civil Engineering,4 Years,B.Tech,GEN,25414,30064
12,2021,NIT,1,OS,Female-Only,NIT-Jalandhar,Civil Engineering,4 Years,B.Tech,GEN,36652,40193
12,2021,NIT,1,OS,Gender-Neutral,NIT-Jalandhar,Civil Engineering,4 Years,B.Tech,GEN,25414,30064
12,2021,NIT,1,OS,Female-Only,NIT-Jalandhar,Civil Engineering,4 Years,B.Tech,GEN,36652,40193
12,2021,NIT,1,OS,Gender-Neutral,NIT-Jalandhar,Civil Engineering,4 Years,B.Tech,GEN,25414,30064
12,2021,NIT,1,OS,Female-Only,NIT-Jalandhar,Civil Engineering,4 Years,B.Tech,GEN,36652,40193
12,2021,NIT,1,OS,Gender-Neutral,NIT-Jalandhar,Civil Engineering,4 Years,B.Tech,GEN,25414,30064
12,2021,NIT,1,OS,Female-Only,NIT-Jalandhar,Civil Engineering,4 Years,B.Tech,GEN,36652,40193
12,2021,NIT,1,OS,Gender-Neutral,NIT-Jalandhar,Civil Engineering,4 Years,B.Tech,GEN,25414,30064
12,2021,NIT,1,OS,Female-Only,NIT-Jalandhar,Civil Engineering,4 Years,B.Tech,GEN,36652,40193
12,2021,NIT,1,OS,Gender-Neutral,NIT-Jalandhar,Civil Engineering,4 Years,B.Tech,GEN,25414,30064
12,2021,NIT,1,OS,Female-Only,NIT-Jalandhar,Civil Engineering,4 Years,B.Tech,GEN,36652,40193
12,2021,NIT,1,OS,Gender-Neutral,NIT-Jalandhar,Mechanical Engineering,4 Years,B.Tech,GEN,20169,23606
12,2021,NIT,1,OS,Female-Only,NIT-Jalandhar,Mechanical Engineering,4 Years,B.Tech,GEN,33323,35911
12,2021,NIT,1,OS,Gender-Neutral,NIT-Jalandhar,Mechanical Engineering,4 Years,B.Tech,GEN,20169,23606
12,2021,NIT,1,OS,Female-Only,NIT-Jalandhar,Mechanical Engineering,4 Years,B.Tech,GEN,33323,35911
12,2021,NIT,1,OS,Gender-Neutral,NIT-Jalandhar,Mechanical Engineering,4 Years,B.Tech,GEN,20169,23606
12,2021,NIT,1,OS,Female-Only,NIT-Jalandhar,Mechanical Engineering,4 Years,B.Tech,GEN,33323,35911
12,2021,NIT,1,OS,Gender-Neutral,NIT-Jalandhar,Mechanical Engineering,4 Years,B.Tech,GEN,20169,23606
12,2021,NIT,1,OS,Female-Only,NIT-Jalandhar,Mechanical Engineering,4 Years,B.Tech,GEN,33323,35911
12,2021,NIT,1,OS,Gender-Neutral,NIT-Jalandhar,Mechanical Engineering,4 Years,B.Tech,GEN,20169,23606
12,2021,NIT,1,OS,Female-Only,NIT-Jalandhar,Mechanical Engineering,4 Years,B.Tech,GEN,33323,35911
12,2021,NIT,1,OS,Gender-Neutral,NIT-Jalandhar,Mechanical Engineering,4 Years,B.Tech,GEN,20169,23606
12,2021,NIT,1,OS,Female-Only,NIT-Jalandhar,Mechanical Engineering,4 Years,B.Tech,GEN,33323,35911
11,2021,NIT,1,OS,Gender-Neutral,NIT-Jaipur,Civil Engineering,4 Years,B.Tech,GEN,11345,23996
11,2021,NIT,1,OS,Female-Only,NIT-Jaipur,Civil Engineering,4 Years,B.Tech,GEN,26592,33760
11,2021,NIT,1,OS,Gender-Neutral,NIT-Jaipur,Civil Engineering,4 Years,B.Tech,GEN,11345,23996
11,2021,NIT,1,OS,Female-Only,NIT-Jaipur,Civil Engineering,4 Years,B.Tech,GEN,26592,33760
11,2021,NIT,1,OS,Gender-Neutral,NIT-Jaipur,Civil Engineering,4 Years,B.Tech,GEN,11345,23996
11,2021,NIT,1,OS,Female-Only,NIT-Jaipur,Civil Engineering,4 Years,B.Tech,GEN,26592,33760
11,2021,NIT,1,OS,Gender-Neutral,NIT-Jaipur,Civil Engineering,4 Years,B.Tech,GEN,11345,23996
11,2021,NIT,1,OS,Female-Only,NIT-Jaipur,Civil Engineering,4 Years,B.Tech,GEN,26592,33760
11,2021,NIT,1,OS,Gender-Neutral,NIT-Jaipur,Civil Engineering,4 Years,B.Tech,GEN,11345,23996
11,2021,NIT,1,OS,Female-Only,NIT-Jaipur,Civil Engineering,4 Years,B.Tech,GEN,26592,33760
11,2021,NIT,1,OS,Gender-Neutral,NIT-Jaipur,Civil Engineering,4 Years,B.Tech,GEN,11345,23996
11,2021,NIT,1,OS,Female-Only,NIT-Jaipur,Civil Engineering,4 Years,B.Tech,GEN,26592,33760
11,2021,NIT,1,OS,Gender-Neutral,NIT-Jaipur,Mechanical Engineering,4 Years,B.Tech,GEN,9779,16577
11,2021,NIT,1,OS,Female-Only,NIT-Jaipur,Mechanical Engineering,4 Years,B.Tech,GEN,23395,25658
11,2021,NIT,1,OS,Gender-Neutral,NIT-Jaipur,Mechanical Engineering,4 Years,B.Tech,GEN,9779,16577
11,2021,NIT,1,OS,Female-Only,NIT-Jaipur,Mechanical Engineering,4 Years,B.Tech,GEN,23395,25658
11,2021,NIT,1,OS,Gender-Neutral,NIT-Jaipur,Mechanical Engineering,4 Years,B.Tech,GEN,9779,16577
11,2021,NIT,1,OS,Female-Only,NIT-Jaipur,Mechanical Engineering,4 Years,B.Tech,GEN,23395,25658
11,2021,NIT,1,OS,Gender-Neutral,NIT-Jaipur,Mechanical Engineering,4 Years,B.Tech,GEN,9779,16577
11,2021,NIT,1,OS,Female-Only,NIT-Jaipur,Mechanical Engineering,4 Years,B.Tech,GEN,23395,25658
11,2021,NIT,1,OS,Gender-Neutral,NIT-Jaipur,Mechanical Engineering,4 Years,B.Tech,GEN,9779,16577
11,2021,NIT,1,OS,Female-Only,NIT-Jaipur,Mechanical Engineering,4 Years,B.Tech,GEN,23395,25658
11,2021,NIT,1,OS,Gender-Neutral,NIT-Jaipur,Mechanical Engineering,4 Years,B.Tech,GEN,9779,16577
11,2021,NIT,1,OS,Female-Only,NIT-Jaipur,Mechanical Engineering,4 Years,B.Tech,GEN,23395,25658
5,2021,NIT,1,OS,Gender-Neutral,NIT-Bhopal,Civil Engineering,4 Years,B.Tech,GEN,18400,28813
5,2021,NIT,1,OS,Female-Only,NIT-Bhopal,Civil Engineering,4 Years,B.Tech,GEN,22623,36554
5,2021,NIT,1,OS,Gender-Neutral,NIT-Bhopal,Civil Engineering,4 Years,B.Tech,GEN,18400,28813
5,2021,NIT,1,OS,Female-Only,NIT-Bhopal,Civil Engineering,4 Years,B.Tech,GEN,22623,36554
5,2021,NIT,1,OS,Gender-Neutral,NIT-Bhopal,Civil Engineering,4 Years,B.Tech,GEN,18400,28813
5,2021,NIT,1,OS,Female-Only,NIT-Bhopal,Civil Engineering,4 Years,B.Tech,GEN,22623,36554
5,2021,NIT,1,OS,Gender-Neutral,NIT-Bhopal,Civil Engineering,4 Years,B.Tech,GEN,18400,28813
5,2021,NIT,1,OS,Female-Only,NIT-Bhopal,Civil Engineering,4 Years,B.Tech,GEN,22623,36554
5,2021,NIT,1,OS,Gender-Neutral,NIT-Bhopal,Civil Engineering,4 Years,B.Tech,GEN,18400,28813
5,2021,NIT,1,OS,Female-Only,NIT-Bhopal,Civil Engineering,4 Years,B.Tech,GEN,22623,36554
5,2021,NIT,1,OS,Gender-Neutral,NIT-Bhopal,Civil Engineering,4 Years,B.Tech,GEN,18400,28813
5,2021,NIT,1,OS,Female-Only,NIT-Bhopal,Civil Engineering,4 Years,B.Tech,GEN,22623,36554
5,2021,NIT,1,OS,Gender-Neutral,NIT-Bhopal,Mechanical Engineering,4 Years,B.Tech,GEN,16403,21854
5,2021,NIT,1,OS,Female-Only,NIT-Bhopal,Mechanical Engineering,4 Years,B.Tech,GEN,29182,33416
5,2021,NIT,1,OS,Gender-Neutral,NIT-Bhopal,Mechanical Engineering,4 Years,B.Tech,GEN,16403,21854
5,2021,NIT,1,OS,Female-Only,NIT-Bhopal,Mechanical Engineering,4 Years,B.Tech,GEN,29182,33416
5,2021,NIT,1,OS,Gender-Neutral,NIT-Bhopal,Mechanical Engineering,4 Years,B.Tech,GEN,16403,21854
5,2021,NIT,1,OS,Female-Only,NIT-Bhopal,Mechanical Engineering,4 Years,B.Tech,GEN,29182,33416
5,2021,NIT,1,OS,Gender-Neutral,NIT-Bhopal,Mechanical Engineering,4 Years,B.Tech,GEN,16403,21854
5,2021,NIT,1,OS,Female-Only,NIT-Bhopal,Mechanical Engineering,4 Years,B.Tech,GEN,29182,33416
5,2021,NIT,1,OS,Gender-Neutral,NIT-Bhopal,Mechanical Engineering,4 Years,B.Tech,GEN,16403,21854
5,2021,NIT,1,OS,Female-Only,NIT-Bhopal,Mechanical Engineering,4 Years,B.Tech,GEN,29182,33416
5,2021,NIT,1,OS,Gender-Neutral,NIT-Bhopal,Mechanical Engineering,4 Years,B.Tech,GEN,16403,21854
5,2021,NIT,1,OS,Female-Only,NIT-Bhopal,Mechanical Engineering,4 Years,B.Tech,GEN,29182,33416
2,2021,NIT,1,OS,Gender-Neutral,NIT-Allahabad,Civil Engineering,4 Years,B.Tech,GEN,4973,21791
2,2021,NIT,1,OS,Female-Only,NIT-Allahabad,Civil Engineering,4 Years,B.Tech,GEN,31799,32744
2,2021,NIT,1,OS,Gender-Neutral,NIT-Allahabad,Civil Engineering,4 Years,B.Tech,GEN,4973,21791
2,2021,NIT,1,OS,Female-Only,NIT-Allahabad,Civil Engineering,4 Years,B.Tech,GEN,31799,32744
2,2021,NIT,1,OS,Gender-Neutral,NIT-Allahabad,Civil Engineering,4 Years,B.Tech,GEN,4973,21791
2,2021,NIT,1,OS,Female-Only,NIT-Allahabad,Civil Engineering,4 Years,B.Tech,GEN,31799,32744
2,2021,NIT,1,OS,Gender-Neutral,NIT-Allahabad,Civil Engineering,4 Years,B.Tech,GEN,4973,21791
2,2021,NIT,1,OS,Female-Only,NIT-Allahabad,Civil Engineering,4 Years,B.Tech,GEN,31799,32744
2,2021,NIT,1,OS,Gender-Neutral,NIT-Allahabad,Civil Engineering,4 Years,B.Tech,GEN,4973,21791
2,2021,NIT,1,OS,Female-Only,NIT-Allahabad,Civil Engineering,4 Years,B.Tech,GEN,31799,32744
2,2021,NIT,1,OS,Gender-Neutral,NIT-Allahabad,Civil Engineering,4 Years,B.Tech,GEN,4973,21791
2,2021,NIT,1,OS,Female-Only,NIT-Allahabad,Civil Engineering,4 Years,B.Tech,GEN,31799,32744
2,2021,NIT,1,OS,Gender-Neutral,NIT-Allahabad,Mechanical Engineering,4 Years,B.Tech,GEN,10310,15190
2,2021,NIT,1,OS,Female-Only,NIT-Allahabad,Mechanical Engineering,4 Years,B.Tech,GEN,16831,25483
2,2021,NIT,1,OS,Gender-Neutral,NIT-Allahabad,Mechanical Engineering,4 Years,B.Tech,GEN,10310,15190
2,2021,NIT,1,OS,Female-Only,NIT-Allahabad,Mechanical Engineering,4 Years,B.Tech,GEN,16831,25483
2,2021,NIT,1,OS,Gender-Neutral,NIT-Allahabad,Mechanical Engineering,4 Years,B.Tech,GEN,10310,15190
2,2021,NIT,1,OS,Female-Only,NIT-Allahabad,Mechanical Engineering,4 Years,B.Tech,GEN,16831,25483
2,2021,NIT,1,OS,Gender-Neutral,NIT-Allahabad,Mechanical Engineering,4 Years,B.Tech,GEN,10310,15190
2,2021,NIT,1,OS,Female-Only,NIT-Allahabad,Mechanical Engineering,4 Years,B.Tech,GEN,16831,25483
2,2021,NIT,1,OS,Gender-Neutral,NIT-Allahabad,Mechanical Engineering,4 Years,B.Tech,GEN,10310,15190
2,2021,NIT,1,OS,Female-Only,NIT-Allahabad,Mechanical Engineering,4 Years,B.Tech,GEN,16831,25483
2,2021,NIT,1,OS,Gender-Neutral,NIT-Allahabad,Mechanical Engineering,4 Years,B.Tech,GEN,10310,15190
2,2021,NIT,1,OS,Female-Only,NIT-Allahabad,Mechanical Engineering,4 Years,B.Tech,GEN,16831,25483
2,2021,NIT,1,OS,Gender-Neutral,NIT-Allahabad,Production and Industrial Engineering,4 Years,B.Tech,GEN,17673,25990
2,2021,NIT,1,OS,Female-Only,NIT-Allahabad,Production and Industrial Engineering,4 Years,B.Tech,GEN,28585,34412
2,2021,NIT,1,OS,Gender-Neutral,NIT-Allahabad,Production and Industrial Engineering,4 Years,B.Tech,GEN,17673,25990
2,2021,NIT,1,OS,Female-Only,NIT-Allahabad,Production and Industrial Engineering,4 Years,B.Tech,GEN,28585,34412
2,2021,NIT,1,OS,Gender-Neutral,NIT-Allahabad,Production and Industrial Engineering,4 Years,B.Tech,GEN,17673,25990
2,2021,NIT,1,OS,Female-Only,NIT-Allahabad,Production and Industrial Engineering,4 Years,B.Tech,GEN,28585,34412
2,2021,NIT,1,OS,Gender-Neutral,NIT-Allahabad,Production and Industrial Engineering,4 Years,B.Tech,GEN,17673,25990
2,2021,NIT,1,OS,Female-Only,NIT-Allahabad,Production and Industrial Engineering,4 Years,B.Tech,GEN,28585,34412
2,2021,NIT,1,OS,Gender-Neutral,NIT-Allahabad,Production and Industrial Engineering,4 Years,B.Tech,GEN,17673,25990
2,2021,NIT,1,OS,Female-Only,NIT-Allahabad,Production and Industrial Engineering,4 Years,B.Tech,GEN,28585,34412
2,2021,NIT,1,OS,Gender-Neutral,NIT-Allahabad,Production and Industrial Engineering,4 Years,B.Tech,GEN,17673,25990
2,2021,NIT,1,OS,Female-Only,NIT-Allahabad,Production and Industrial Engineering,4 Years,B.Tech,GEN,28585,34412
1,2021,NIT,1,OS,Gender-Neutral,NIT-Agartala,Civil Engineering,4 Years,B.Tech,GEN,35069,39075
1,2021,NIT,1,OS,Female-Only,NIT-Agartala,Civil Engineering,4 Years,B.Tech,GEN,37187,46201
1,2021,NIT,1,OS,Gender-Neutral,NIT-Agartala,Civil Engineering,4 Years,B.Tech,GEN,35069,39075
1,2021,NIT,1,OS,Female-Only,NIT-Agartala,Civil Engineering,4 Years,B.Tech,GEN,37187,46201
1,2021,NIT,1,OS,Gender-Neutral,NIT-Agartala,Civil Engineering,4 Years,B.Tech,GEN,35069,39075
1,2021,NIT,1,OS,Female-Only,NIT-Agartala,Civil Engineering,4 Years,B.Tech,GEN,37187,46201
1,2021,NIT,1,OS,Gender-Neutral,NIT-Agartala,Civil Engineering,4 Years,B.Tech,GEN,35069,39075
1,2021,NIT,1,OS,Female-Only,NIT-Agartala,Civil Engineering,4 Years,B.Tech,GEN,37187,46201
1,2021,NIT,1,OS,Gender-Neutral,NIT-Agartala,Civil Engineering,4 Years,B.Tech,GEN,35069,39075
1,2021,NIT,1,OS,Female-Only,NIT-Agartala,Civil Engineering,4 Years,B.Tech,GEN,37187,46201
1,2021,NIT,1,OS,Gender-Neutral,NIT-Agartala,Civil Engineering,4 Years,B.Tech,GEN,35069,39075
1,2021,NIT,1,OS,Female-Only,NIT-Agartala,Civil Engineering,4 Years,B.Tech,GEN,37187,46201
1,2021,NIT,1,OS,Gender-Neutral,NIT-Agartala,Engineering Physics,5 Years,Btech + M.Tech (IDD),GEN,30161,36951
1,2021,NIT,1,OS,Gender-Neutral,NIT-Agartala,Mechanical Engineering,4 Years,B.Tech,GEN,23462,33512
1,2021,NIT,1,OS,Female-Only,NIT-Agartala,Mechanical Engineering,4 Years,B.Tech,GEN,38116,44190
1,2021,NIT,1,OS,Gender-Neutral,NIT-Agartala,Engineering Physics,5 Years,Btech + M.Tech (IDD),GEN,30161,36951
1,2021,NIT,1,OS,Gender-Neutral,NIT-Agartala,Mechanical Engineering,4 Years,B.Tech,GEN,23462,33512
1,2021,NIT,1,OS,Female-Only,NIT-Agartala,Mechanical Engineering,4 Years,B.Tech,GEN,38116,44190
1,2021,NIT,1,OS,Gender-Neutral,NIT-Agartala,Engineering Physics,5 Years,Btech + M.Tech (IDD),GEN,30161,36951
1,2021,NIT,1,OS,Gender-Neutral,NIT-Agartala,Mechanical Engineering,4 Years,B.Tech,GEN,23462,33512
1,2021,NIT,1,OS,Female-Only,NIT-Agartala,Mechanical Engineering,4 Years,B.Tech,GEN,38116,44190
1,2021,NIT,1,OS,Gender-Neutral,NIT-Agartala,Engineering Physics,5 Years,Btech + M.Tech (IDD),GEN,30161,36951
1,2021,NIT,1,OS,Gender-Neutral,NIT-Agartala,Mechanical Engineering,4 Years,B.Tech,GEN,23462,33512
1,2021,NIT,1,OS,Female-Only,NIT-Agartala,Mechanical Engineering,4 Years,B.Tech,GEN,38116,44190
1,2021,NIT,1,OS,Gender-Neutral,NIT-Agartala,Engineering Physics,5 Years,Btech + M.Tech (IDD),GEN,30161,36951
1,2021,NIT,1,OS,Gender-Neutral,NIT-Agartala,Mechanical Engineering,4 Years,B.Tech,GEN,23462,33512
1,2021,NIT,1,OS,Female-Only,NIT-Agartala,Mechanical Engineering,4 Years,B.Tech,GEN,38116,44190
1,2021,NIT,1,OS,Gender-Neutral,NIT-Agartala,Engineering Physics,5 Years,Btech + M.Tech (IDD),GEN,30161,36951
1,2021,NIT,1,OS,Gender-Neutral,NIT-Agartala,Mechanical Engineering,4 Years,B.Tech,GEN,23462,33512
1,2021,NIT,1,OS,Female-Only,NIT-Agartala,Mechanical Engineering,4 Years,B.Tech,GEN,38116,44190
1,2021,NIT,1,OS,Gender-Neutral,NIT-Agartala,Production Engineering,4 Years,B.Tech,GEN,38474,42794
1,2021,NIT,1,OS,Female-Only,NIT-Agartala,Production Engineering,4 Years,B.Tech,GEN,44203,51737
1,2021,NIT,1,OS,Gender-Neutral,NIT-Agartala,Production Engineering,4 Years,B.Tech,GEN,38474,42794
1,2021,NIT,1,OS,Female-Only,NIT-Agartala,Production Engineering,4 Years,B.Tech,GEN,44203,51737
1,2021,NIT,1,OS,Gender-Neutral,NIT-Agartala,Production Engineering,4 Years,B.Tech,GEN,38474,42794
1,2021,NIT,1,OS,Female-Only,NIT-Agartala,Production Engineering,4 Years,B.Tech,GEN,44203,51737
1,2021,NIT,1,OS,Gender-Neutral,NIT-Agartala,Production Engineering,4 Years,B.Tech,GEN,38474,42794
1,2021,NIT,1,OS,Female-Only,NIT-Agartala,Production Engineering,4 Years,B.Tech,GEN,44203,51737
1,2021,NIT,1,OS,Gender-Neutral,NIT-Agartala,Production Engineering,4 Years,B.Tech,GEN,38474,42794
1,2021,NIT,1,OS,Female-Only,NIT-Agartala,Production Engineering,4 Years,B.Tech,GEN,44203,51737
1,2021,NIT,1,OS,Gender-Neutral,NIT-Agartala,Production Engineering,4 Years,B.Tech,GEN,38474,42794
1,2021,NIT,1,OS,Female-Only,NIT-Agartala,Production Engineering,4 Years,B.Tech,GEN,44203,51737
6,2021,NIT,1,OS,Gender-Neutral,NIT-Calicut,Civil Engineering,4 Years,B.Tech,GEN,19865,24171
6,2021,NIT,1,OS,Female-Only,NIT-Calicut,Civil Engineering,4 Years,B.Tech,GEN,28445,33675
6,2021,NIT,1,OS,Gender-Neutral,NIT-Calicut,Civil Engineering,4 Years,B.Tech,GEN,19865,24171
6,2021,NIT,1,OS,Female-Only,NIT-Calicut,Civil Engineering,4 Years,B.Tech,GEN,28445,33675
6,2021,NIT,1,OS,Gender-Neutral,NIT-Calicut,Civil Engineering,4 Years,B.Tech,GEN,19865,24171
6,2021,NIT,1,OS,Female-Only,NIT-Calicut,Civil Engineering,4 Years,B.Tech,GEN,28445,33675
6,2021,NIT,1,OS,Gender-Neutral,NIT-Calicut,Civil Engineering,4 Years,B.Tech,GEN,19865,24171
6,2021,NIT,1,OS,Female-Only,NIT-Calicut,Civil Engineering,4 Years,B.Tech,GEN,28445,33675
6,2021,NIT,1,OS,Gender-Neutral,NIT-Calicut,Civil Engineering,4 Years,B.Tech,GEN,19865,24171
6,2021,NIT,1,OS,Female-Only,NIT-Calicut,Civil Engineering,4 Years,B.Tech,GEN,28445,33675
6,2021,NIT,1,OS,Gender-Neutral,NIT-Calicut,Civil Engineering,4 Years,B.Tech,GEN,19865,24171
6,2021,NIT,1,OS,Female-Only,NIT-Calicut,Civil Engineering,4 Years,B.Tech,GEN,28445,33675
6,2021,NIT,1,OS,Gender-Neutral,NIT-Calicut,Engineering Physics,4 Years,B.Tech,GEN,5925,16397
6,2021,NIT,1,OS,Female-Only,NIT-Calicut,Engineering Physics,4 Years,B.Tech,GEN,22611,22611
6,2021,NIT,1,OS,Gender-Neutral,NIT-Calicut,Mechanical Engineering,4 Years,B.Tech,GEN,11041,15500
6,2021,NIT,1,OS,Female-Only,NIT-Calicut,Mechanical Engineering,4 Years,B.Tech,GEN,20988,23636
6,2021,NIT,1,OS,Gender-Neutral,NIT-Calicut,Engineering Physics,4 Years,B.Tech,GEN,5925,16397
6,2021,NIT,1,OS,Female-Only,NIT-Calicut,Engineering Physics,4 Years,B.Tech,GEN,22611,22611
6,2021,NIT,1,OS,Gender-Neutral,NIT-Calicut,Mechanical Engineering,4 Years,B.Tech,GEN,11041,15500
6,2021,NIT,1,OS,Female-Only,NIT-Calicut,Mechanical Engineering,4 Years,B.Tech,GEN,20988,23636
6,2021,NIT,1,OS,Gender-Neutral,NIT-Calicut,Engineering Physics,4 Years,B.Tech,GEN,5925,16397
6,2021,NIT,1,OS,Female-Only,NIT-Calicut,Engineering Physics,4 Years,B.Tech,GEN,22611,22611
6,2021,NIT,1,OS,Gender-Neutral,NIT-Calicut,Mechanical Engineering,4 Years,B.Tech,GEN,11041,15500
6,2021,NIT,1,OS,Female-Only,NIT-Calicut,Mechanical Engineering,4 Years,B.Tech,GEN,20988,23636
6,2021,NIT,1,OS,Gender-Neutral,NIT-Calicut,Engineering Physics,4 Years,B.Tech,GEN,5925,16397
6,2021,NIT,1,OS,Female-Only,NIT-Calicut,Engineering Physics,4 Years,B.Tech,GEN,22611,22611
6,2021,NIT,1,OS,Gender-Neutral,NIT-Calicut,Mechanical Engineering,4 Years,B.Tech,GEN,11041,15500
6,2021,NIT,1,OS,Female-Only,NIT-Calicut,Mechanical Engineering,4 Years,B.Tech,GEN,20988,23636
6,2021,NIT,1,OS,Gender-Neutral,NIT-Calicut,Engineering Physics,4 Years,B.Tech,GEN,5925,16397
6,2021,NIT,1,OS,Female-Only,NIT-Calicut,Engineering Physics,4 Years,B.Tech,GEN,22611,22611
6,2021,NIT,1,OS,Gender-Neutral,NIT-Calicut,Mechanical Engineering,4 Years,B.Tech,GEN,11041,15500
6,2021,NIT,1,OS,Female-Only,NIT-Calicut,Mechanical Engineering,4 Years,B.Tech,GEN,20988,23636
6,2021,NIT,1,OS,Gender-Neutral,NIT-Calicut,Engineering Physics,4 Years,B.Tech,GEN,5925,16397
6,2021,NIT,1,OS,Female-Only,NIT-Calicut,Engineering Physics,4 Years,B.Tech,GEN,22611,22611
6,2021,NIT,1,OS,Gender-Neutral,NIT-Calicut,Mechanical Engineering,4 Years,B.Tech,GEN,11041,15500
6,2021,NIT,1,OS,Female-Only,NIT-Calicut,Mechanical Engineering,4 Years,B.Tech,GEN,20988,23636
6,2021,NIT,1,OS,Gender-Neutral,NIT-Calicut,Production Engineering,4 Years,B.Tech,GEN,22651,26371
6,2021,NIT,1,OS,Female-Only,NIT-Calicut,Production Engineering,4 Years,B.Tech,GEN,32106,34383
6,2021,NIT,1,OS,Gender-Neutral,NIT-Calicut,Production Engineering,4 Years,B.Tech,GEN,22651,26371
6,2021,NIT,1,OS,Female-Only,NIT-Calicut,Production Engineering,4 Years,B.Tech,GEN,32106,34383
6,2021,NIT,1,OS,Gender-Neutral,NIT-Calicut,Production Engineering,4 Years,B.Tech,GEN,22651,26371
6,2021,NIT,1,OS,Female-Only,NIT-Calicut,Production Engineering,4 Years,B.Tech,GEN,32106,34383
6,2021,NIT,1,OS,Gender-Neutral,NIT-Calicut,Production Engineering,4 Years,B.Tech,GEN,22651,26371
6,2021,NIT,1,OS,Female-Only,NIT-Calicut,Production Engineering,4 Years,B.Tech,GEN,32106,34383
6,2021,NIT,1,OS,Gender-Neutral,NIT-Calicut,Production Engineering,4 Years,B.Tech,GEN,22651,26371
6,2021,NIT,1,OS,Female-Only,NIT-Calicut,Production Engineering,4 Years,B.Tech,GEN,32106,34383
6,2021,NIT,1,OS,Gender-Neutral,NIT-Calicut,Production Engineering,4 Years,B.Tech,GEN,22651,26371
6,2021,NIT,1,OS,Female-Only,NIT-Calicut,Production Engineering,4 Years,B.Tech,GEN,32106,34383
8,2021,NIT,1,OS,Gender-Neutral,NIT-Durgapur,Civil Engineering,4 Years,B.Tech,GEN,23787,28912
8,2021,NIT,1,OS,Female-Only,NIT-Durgapur,Civil Engineering,4 Years,B.Tech,GEN,35398,35607
8,2021,NIT,1,OS,Gender-Neutral,NIT-Durgapur,Civil Engineering,4 Years,B.Tech,GEN,23787,28912
8,2021,NIT,1,OS,Female-Only,NIT-Durgapur,Civil Engineering,4 Years,B.Tech,GEN,35398,35607
8,2021,NIT,1,OS,Gender-Neutral,NIT-Durgapur,Civil Engineering,4 Years,B.Tech,GEN,23787,28912
8,2021,NIT,1,OS,Female-Only,NIT-Durgapur,Civil Engineering,4 Years,B.Tech,GEN,35398,35607
8,2021,NIT,1,OS,Gender-Neutral,NIT-Durgapur,Civil Engineering,4 Years,B.Tech,GEN,23787,28912
8,2021,NIT,1,OS,Female-Only,NIT-Durgapur,Civil Engineering,4 Years,B.Tech,GEN,35398,35607
8,2021,NIT,1,OS,Gender-Neutral,NIT-Durgapur,Civil Engineering,4 Years,B.Tech,GEN,23787,28912
8,2021,NIT,1,OS,Female-Only,NIT-Durgapur,Civil Engineering,4 Years,B.Tech,GEN,35398,35607
8,2021,NIT,1,OS,Gender-Neutral,NIT-Durgapur,Civil Engineering,4 Years,B.Tech,GEN,23787,28912
8,2021,NIT,1,OS,Female-Only,NIT-Durgapur,Civil Engineering,4 Years,B.Tech,GEN,35398,35607
8,2021,NIT,1,OS,Gender-Neutral,NIT-Durgapur,Mechanical Engineering,4 Years,B.Tech,GEN,16992,22377
8,2021,NIT,1,OS,Female-Only,NIT-Durgapur,Mechanical Engineering,4 Years,B.Tech,GEN,23832,28344
8,2021,NIT,1,OS,Gender-Neutral,NIT-Durgapur,Mechanical Engineering,4 Years,B.Tech,GEN,16992,22377
8,2021,NIT,1,OS,Female-Only,NIT-Durgapur,Mechanical Engineering,4 Years,B.Tech,GEN,23832,28344
8,2021,NIT,1,OS,Gender-Neutral,NIT-Durgapur,Mechanical Engineering,4 Years,B.Tech,GEN,16992,22377
8,2021,NIT,1,OS,Female-Only,NIT-Durgapur,Mechanical Engineering,4 Years,B.Tech,GEN,23832,28344
8,2021,NIT,1,OS,Gender-Neutral,NIT-Durgapur,Mechanical Engineering,4 Years,B.Tech,GEN,16992,22377
8,2021,NIT,1,OS,Female-Only,NIT-Durgapur,Mechanical Engineering,4 Years,B.Tech,GEN,23832,28344
8,2021,NIT,1,OS,Gender-Neutral,NIT-Durgapur,Mechanical Engineering,4 Years,B.Tech,GEN,16992,22377
8,2021,NIT,1,OS,Female-Only,NIT-Durgapur,Mechanical Engineering,4 Years,B.Tech,GEN,23832,28344
8,2021,NIT,1,OS,Gender-Neutral,NIT-Durgapur,Mechanical Engineering,4 Years,B.Tech,GEN,16992,22377
8,2021,NIT,1,OS,Female-Only,NIT-Durgapur,Mechanical Engineering,4 Years,B.Tech,GEN,23832,28344
9,2021,NIT,1,OS,Gender-Neutral,NIT-Goa,Civil Engineering,4 Years,B.Tech,GEN,18221,31584
9,2021,NIT,1,OS,Female-Only,NIT-Goa,Civil Engineering,4 Years,B.Tech,GEN,36321,40341
9,2021,NIT,1,OS,Gender-Neutral,NIT-Goa,Civil Engineering,4 Years,B.Tech,GEN,18221,31584
9,2021,NIT,1,OS,Female-Only,NIT-Goa,Civil Engineering,4 Years,B.Tech,GEN,36321,40341
9,2021,NIT,1,OS,Gender-Neutral,NIT-Goa,Civil Engineering,4 Years,B.Tech,GEN,18221,31584
9,2021,NIT,1,OS,Female-Only,NIT-Goa,Civil Engineering,4 Years,B.Tech,GEN,36321,40341
9,2021,NIT,1,OS,Gender-Neutral,NIT-Goa,Civil Engineering,4 Years,B.Tech,GEN,18221,31584
9,2021,NIT,1,OS,Female-Only,NIT-Goa,Civil Engineering,4 Years,B.Tech,GEN,36321,40341
9,2021,NIT,1,OS,Gender-Neutral,NIT-Goa,Civil Engineering,4 Years,B.Tech,GEN,18221,31584
9,2021,NIT,1,OS,Female-Only,NIT-Goa,Civil Engineering,4 Years,B.Tech,GEN,36321,40341
9,2021,NIT,1,OS,Gender-Neutral,NIT-Goa,Civil Engineering,4 Years,B.Tech,GEN,18221,31584
9,2021,NIT,1,OS,Female-Only,NIT-Goa,Civil Engineering,4 Years,B.Tech,GEN,36321,40341
9,2021,NIT,1,OS,Gender-Neutral,NIT-Goa,Mechanical Engineering,4 Years,B.Tech,GEN,17740,22606
9,2021,NIT,1,OS,Female-Only,NIT-Goa,Mechanical Engineering,4 Years,B.Tech,GEN,31182,33798
9,2021,NIT,1,OS,Gender-Neutral,NIT-Goa,Mechanical Engineering,4 Years,B.Tech,GEN,17740,22606
9,2021,NIT,1,OS,Female-Only,NIT-Goa,Mechanical Engineering,4 Years,B.Tech,GEN,31182,33798
9,2021,NIT,1,OS,Gender-Neutral,NIT-Goa,Mechanical Engineering,4 Years,B.Tech,GEN,17740,22606
9,2021,NIT,1,OS,Female-Only,NIT-Goa,Mechanical Engineering,4 Years,B.Tech,GEN,31182,33798
9,2021,NIT,1,OS,Gender-Neutral,NIT-Goa,Mechanical Engineering,4 Years,B.Tech,GEN,17740,22606
9,2021,NIT,1,OS,Female-Only,NIT-Goa,Mechanical Engineering,4 Years,B.Tech,GEN,31182,33798
9,2021,NIT,1,OS,Gender-Neutral,NIT-Goa,Mechanical Engineering,4 Years,B.Tech,GEN,17740,22606
9,2021,NIT,1,OS,Female-Only,NIT-Goa,Mechanical Engineering,4 Years,B.Tech,GEN,31182,33798
9,2021,NIT,1,OS,Gender-Neutral,NIT-Goa,Mechanical Engineering,4 Years,B.Tech,GEN,17740,22606
9,2021,NIT,1,OS,Female-Only,NIT-Goa,Mechanical Engineering,4 Years,B.Tech,GEN,31182,33798
10,2021,NIT,1,OS,Gender-Neutral,NIT-Hamirpur,Civil Engineering,4 Years,B.Tech,GEN,27748,32076
10,2021,NIT,1,OS,Female-Only,NIT-Hamirpur,Civil Engineering,4 Years,B.Tech,GEN,29496,40762
10,2021,NIT,1,OS,Gender-Neutral,NIT-Hamirpur,Civil Engineering,4 Years,B.Tech,GEN,27748,32076
10,2021,NIT,1,OS,Female-Only,NIT-Hamirpur,Civil Engineering,4 Years,B.Tech,GEN,29496,40762
10,2021,NIT,1,OS,Gender-Neutral,NIT-Hamirpur,Civil Engineering,4 Years,B.Tech,GEN,27748,32076
10,2021,NIT,1,OS,Female-Only,NIT-Hamirpur,Civil Engineering,4 Years,B.Tech,GEN,29496,40762
10,2021,NIT,1,OS,Gender-Neutral,NIT-Hamirpur,Civil Engineering,4 Years,B.Tech,GEN,27748,32076
10,2021,NIT,1,OS,Female-Only,NIT-Hamirpur,Civil Engineering,4 Years,B.Tech,GEN,29496,40762
10,2021,NIT,1,OS,Gender-Neutral,NIT-Hamirpur,Civil Engineering,4 Years,B.Tech,GEN,27748,32076
10,2021,NIT,1,OS,Female-Only,NIT-Hamirpur,Civil Engineering,4 Years,B.Tech,GEN,29496,40762
10,2021,NIT,1,OS,Gender-Neutral,NIT-Hamirpur,Civil Engineering,4 Years,B.Tech,GEN,27748,32076
10,2021,NIT,1,OS,Female-Only,NIT-Hamirpur,Civil Engineering,4 Years,B.Tech,GEN,29496,40762
10,2021,NIT,1,OS,Gender-Neutral,NIT-Hamirpur,Engineering Physics,4 Years,B.Tech,GEN,17967,23610
10,2021,NIT,1,OS,Female-Only,NIT-Hamirpur,Engineering Physics,4 Years,B.Tech,GEN,33041,34928
10,2021,NIT,1,OS,Gender-Neutral,NIT-Hamirpur,Engineering Physics,4 Years,B.Tech,GEN,17967,23610
10,2021,NIT,1,OS,Female-Only,NIT-Hamirpur,Engineering Physics,4 Years,B.Tech,GEN,33041,34928
10,2021,NIT,1,OS,Gender-Neutral,NIT-Hamirpur,Engineering Physics,4 Years,B.Tech,GEN,17967,23610
10,2021,NIT,1,OS,Female-Only,NIT-Hamirpur,Engineering Physics,4 Years,B.Tech,GEN,33041,34928
10,2021,NIT,1,OS,Gender-Neutral,NIT-Hamirpur,Engineering Physics,4 Years,B.Tech,GEN,17967,23610
10,2021,NIT,1,OS,Female-Only,NIT-Hamirpur,Engineering Physics,4 Years,B.Tech,GEN,33041,34928
10,2021,NIT,1,OS,Gender-Neutral,NIT-Hamirpur,Engineering Physics,4 Years,B.Tech,GEN,17967,23610
10,2021,NIT,1,OS,Female-Only,NIT-Hamirpur,Engineering Physics,4 Years,B.Tech,GEN,33041,34928
10,2021,NIT,1,OS,Gender-Neutral,NIT-Hamirpur,Engineering Physics,4 Years,B.Tech,GEN,17967,23610
10,2021,NIT,1,OS,Female-Only,NIT-Hamirpur,Engineering Physics,4 Years,B.Tech,GEN,33041,34928
10,2021,NIT,1,OS,Gender-Neutral,NIT-Hamirpur,Mechanical Engineering,4 Years,B.Tech,GEN,20037,25037
10,2021,NIT,1,OS,Female-Only,NIT-Hamirpur,Mechanical Engineering,4 Years,B.Tech,GEN,32155,37751
10,2021,NIT,1,OS,Gender-Neutral,NIT-Hamirpur,Mechanical Engineering,4 Years,B.Tech,GEN,20037,25037
10,2021,NIT,1,OS,Female-Only,NIT-Hamirpur,Mechanical Engineering,4 Years,B.Tech,GEN,32155,37751
10,2021,NIT,1,OS,Gender-Neutral,NIT-Hamirpur,Mechanical Engineering,4 Years,B.Tech,GEN,20037,25037
10,2021,NIT,1,OS,Female-Only,NIT-Hamirpur,Mechanical Engineering,4 Years,B.Tech,GEN,32155,37751
10,2021,NIT,1,OS,Gender-Neutral,NIT-Hamirpur,Mechanical Engineering,4 Years,B.Tech,GEN,20037,25037
10,2021,NIT,1,OS,Female-Only,NIT-Hamirpur,Mechanical Engineering,4 Years,B.Tech,GEN,32155,37751
10,2021,NIT,1,OS,Gender-Neutral,NIT-Hamirpur,Mechanical Engineering,4 Years,B.Tech,GEN,20037,25037
10,2021,NIT,1,OS,Female-Only,NIT-Hamirpur,Mechanical Engineering,4 Years,B.Tech,GEN,32155,37751
10,2021,NIT,1,OS,Gender-Neutral,NIT-Hamirpur,Mechanical Engineering,4 Years,B.Tech,GEN,20037,25037
10,2021,NIT,1,OS,Female-Only,NIT-Hamirpur,Mechanical Engineering,4 Years,B.Tech,GEN,32155,37751
14,2021,NIT,1,OS,Gender-Neutral,NIT-Karnataka-Surathkal,Civil Engineering,4 Years,B.Tech,GEN,9504,15587
14,2021,NIT,1,OS,Female-Only,NIT-Karnataka-Surathkal,Civil Engineering,4 Years,B.Tech,GEN,9202,24378
14,2021,NIT,1,OS,Gender-Neutral,NIT-Karnataka-Surathkal,Civil Engineering,4 Years,B.Tech,GEN,9504,15587
14,2021,NIT,1,OS,Female-Only,NIT-Karnataka-Surathkal,Civil Engineering,4 Years,B.Tech,GEN,9202,24378
14,2021,NIT,1,OS,Gender-Neutral,NIT-Karnataka-Surathkal,Civil Engineering,4 Years,B.Tech,GEN,9504,15587
14,2021,NIT,1,OS,Female-Only,NIT-Karnataka-Surathkal,Civil Engineering,4 Years,B.Tech,GEN,9202,24378
14,2021,NIT,1,OS,Gender-Neutral,NIT-Karnataka-Surathkal,Civil Engineering,4 Years,B.Tech,GEN,9504,15587
14,2021,NIT,1,OS,Female-Only,NIT-Karnataka-Surathkal,Civil Engineering,4 Years,B.Tech,GEN,9202,24378
14,2021,NIT,1,OS,Gender-Neutral,NIT-Karnataka-Surathkal,Civil Engineering,4 Years,B.Tech,GEN,9504,15587
14,2021,NIT,1,OS,Female-Only,NIT-Karnataka-Surathkal,Civil Engineering,4 Years,B.Tech,GEN,9202,24378
14,2021,NIT,1,OS,Gender-Neutral,NIT-Karnataka-Surathkal,Civil Engineering,4 Years,B.Tech,GEN,9504,15587
14,2021,NIT,1,OS,Female-Only,NIT-Karnataka-Surathkal,Civil Engineering,4 Years,B.Tech,GEN,9202,24378
14,2021,NIT,1,OS,Gender-Neutral,NIT-Karnataka-Surathkal,Mechanical Engineering,4 Years,B.Tech,GEN,6093,9791
14,2021,NIT,1,OS,Female-Only,NIT-Karnataka-Surathkal,Mechanical Engineering,4 Years,B.Tech,GEN,15218,17954
14,2021,NIT,1,OS,Gender-Neutral,NIT-Karnataka-Surathkal,Mechanical Engineering,4 Years,B.Tech,GEN,6093,9791
14,2021,NIT,1,OS,Female-Only,NIT-Karnataka-Surathkal,Mechanical Engineering,4 Years,B.Tech,GEN,15218,17954
14,2021,NIT,1,OS,Gender-Neutral,NIT-Karnataka-Surathkal,Mechanical Engineering,4 Years,B.Tech,GEN,6093,9791
14,2021,NIT,1,OS,Female-Only,NIT-Karnataka-Surathkal,Mechanical Engineering,4 Years,B.Tech,GEN,15218,17954
14,2021,NIT,1,OS,Gender-Neutral,NIT-Karnataka-Surathkal,Mechanical Engineering,4 Years,B.Tech,GEN,6093,9791
14,2021,NIT,1,OS,Female-Only,NIT-Karnataka-Surathkal,Mechanical Engineering,4 Years,B.Tech,GEN,15218,17954
14,2021,NIT,1,OS,Gender-Neutral,NIT-Karnataka-Surathkal,Mechanical Engineering,4 Years,B.Tech,GEN,6093,9791
14,2021,NIT,1,OS,Female-Only,NIT-Karnataka-Surathkal,Mechanical Engineering,4 Years,B.Tech,GEN,15218,17954
14,2021,NIT,1,OS,Gender-Neutral,NIT-Karnataka-Surathkal,Mechanical Engineering,4 Years,B.Tech,GEN,6093,9791
14,2021,NIT,1,OS,Female-Only,NIT-Karnataka-Surathkal,Mechanical Engineering,4 Years,B.Tech,GEN,15218,17954
17,2021,NIT,1,OS,Gender-Neutral,NIT-Meghalaya,Civil Engineering,4 Years,B.Tech,GEN,38739,40078
17,2021,NIT,1,OS,Female-Only,NIT-Meghalaya,Civil Engineering,4 Years,B.Tech,GEN,46492,48435
17,2021,NIT,1,OS,Gender-Neutral,NIT-Meghalaya,Civil Engineering,4 Years,B.Tech,GEN,38739,40078
17,2021,NIT,1,OS,Female-Only,NIT-Meghalaya,Civil Engineering,4 Years,B.Tech,GEN,46492,48435
17,2021,NIT,1,OS,Gender-Neutral,NIT-Meghalaya,Civil Engineering,4 Years,B.Tech,GEN,38739,40078
17,2021,NIT,1,OS,Female-Only,NIT-Meghalaya,Civil Engineering,4 Years,B.Tech,GEN,46492,48435
17,2021,NIT,1,OS,Gender-Neutral,NIT-Meghalaya,Civil Engineering,4 Years,B.Tech,GEN,38739,40078
17,2021,NIT,1,OS,Female-Only,NIT-Meghalaya,Civil Engineering,4 Years,B.Tech,GEN,46492,48435
17,2021,NIT,1,OS,Gender-Neutral,NIT-Meghalaya,Civil Engineering,4 Years,B.Tech,GEN,38739,40078
17,2021,NIT,1,OS,Female-Only,NIT-Meghalaya,Civil Engineering,4 Years,B.Tech,GEN,46492,48435
17,2021,NIT,1,OS,Gender-Neutral,NIT-Meghalaya,Civil Engineering,4 Years,B.Tech,GEN,38739,40078
17,2021,NIT,1,OS,Female-Only,NIT-Meghalaya,Civil Engineering,4 Years,B.Tech,GEN,46492,48435
17,2021,NIT,1,OS,Gender-Neutral,NIT-Meghalaya,Mechanical Engineering,4 Years,B.Tech,GEN,28506,35059
17,2021,NIT,1,OS,Female-Only,NIT-Meghalaya,Mechanical Engineering,4 Years,B.Tech,GEN,40229,40229
19,2021,NIT,1,OS,Gender-Neutral,NIT-Nagaland,Civil Engineering,4 Years,B.Tech,GEN,39716,42474
19,2021,NIT,1,OS,Female-Only,NIT-Nagaland,Civil Engineering,4 Years,B.Tech,GEN,48795,49010
17,2021,NIT,1,OS,Gender-Neutral,NIT-Meghalaya,Mechanical Engineering,4 Years,B.Tech,GEN,28506,35059
17,2021,NIT,1,OS,Female-Only,NIT-Meghalaya,Mechanical Engineering,4 Years,B.Tech,GEN,40229,40229
19,2021,NIT,1,OS,Gender-Neutral,NIT-Nagaland,Civil Engineering,4 Years,B.Tech,GEN,39716,42474
19,2021,NIT,1,OS,Female-Only,NIT-Nagaland,Civil Engineering,4 Years,B.Tech,GEN,48795,49010
17,2021,NIT,1,OS,Gender-Neutral,NIT-Meghalaya,Mechanical Engineering,4 Years,B.Tech,GEN,28506,35059
17,2021,NIT,1,OS,Female-Only,NIT-Meghalaya,Mechanical Engineering,4 Years,B.Tech,GEN,40229,40229
19,2021,NIT,1,OS,Gender-Neutral,NIT-Nagaland,Civil Engineering,4 Years,B.Tech,GEN,39716,42474
19,2021,NIT,1,OS,Female-Only,NIT-Nagaland,Civil Engineering,4 Years,B.Tech,GEN,48795,49010
17,2021,NIT,1,OS,Gender-Neutral,NIT-Meghalaya,Mechanical Engineering,4 Years,B.Tech,GEN,28506,35059
17,2021,NIT,1,OS,Female-Only,NIT-Meghalaya,Mechanical Engineering,4 Years,B.Tech,GEN,40229,40229
19,2021,NIT,1,OS,Gender-Neutral,NIT-Nagaland,Civil Engineering,4 Years,B.Tech,GEN,39716,42474
19,2021,NIT,1,OS,Female-Only,NIT-Nagaland,Civil Engineering,4 Years,B.Tech,GEN,48795,49010
17,2021,NIT,1,OS,Gender-Neutral,NIT-Meghalaya,Mechanical Engineering,4 Years,B.Tech,GEN,28506,35059
17,2021,NIT,1,OS,Female-Only,NIT-Meghalaya,Mechanical Engineering,4 Years,B.Tech,GEN,40229,40229
19,2021,NIT,1,OS,Gender-Neutral,NIT-Nagaland,Civil Engineering,4 Years,B.Tech,GEN,39716,42474
19,2021,NIT,1,OS,Female-Only,NIT-Nagaland,Civil Engineering,4 Years,B.Tech,GEN,48795,49010
17,2021,NIT,1,OS,Gender-Neutral,NIT-Meghalaya,Mechanical Engineering,4 Years,B.Tech,GEN,28506,35059
17,2021,NIT,1,OS,Female-Only,NIT-Meghalaya,Mechanical Engineering,4 Years,B.Tech,GEN,40229,40229
19,2021,NIT,1,OS,Gender-Neutral,NIT-Nagaland,Civil Engineering,4 Years,B.Tech,GEN,39716,42474
19,2021,NIT,1,OS,Female-Only,NIT-Nagaland,Civil Engineering,4 Years,B.Tech,GEN,48795,49010
19,2021,NIT,1,OS,Gender-Neutral,NIT-Nagaland,Mechanical Engineering,4 Years,B.Tech,GEN,35413,37910
19,2021,NIT,1,OS,Female-Only,NIT-Nagaland,Mechanical Engineering,4 Years,B.Tech,GEN,43092,51057
19,2021,NIT,1,OS,Gender-Neutral,NIT-Nagaland,Mechanical Engineering,4 Years,B.Tech,GEN,35413,37910
19,2021,NIT,1,OS,Female-Only,NIT-Nagaland,Mechanical Engineering,4 Years,B.Tech,GEN,43092,51057
19,2021,NIT,1,OS,Gender-Neutral,NIT-Nagaland,Mechanical Engineering,4 Years,B.Tech,GEN,35413,37910
19,2021,NIT,1,OS,Female-Only,NIT-Nagaland,Mechanical Engineering,4 Years,B.Tech,GEN,43092,51057
19,2021,NIT,1,OS,Gender-Neutral,NIT-Nagaland,Mechanical Engineering,4 Years,B.Tech,GEN,35413,37910
19,2021,NIT,1,OS,Female-Only,NIT-Nagaland,Mechanical Engineering,4 Years,B.Tech,GEN,43092,51057
19,2021,NIT,1,OS,Gender-Neutral,NIT-Nagaland,Mechanical Engineering,4 Years,B.Tech,GEN,35413,37910
19,2021,NIT,1,OS,Female-Only,NIT-Nagaland,Mechanical Engineering,4 Years,B.Tech,GEN,43092,51057
19,2021,NIT,1,OS,Gender-Neutral,NIT-Nagaland,Mechanical Engineering,4 Years,B.Tech,GEN,35413,37910
19,2021,NIT,1,OS,Female-Only,NIT-Nagaland,Mechanical Engineering,4 Years,B.Tech,GEN,43092,51057
21,2021,NIT,1,OS,Gender-Neutral,NIT-Patna,Civil Engineering,4 Years,B.Tech,GEN,20460,34680
21,2021,NIT,1,OS,Female-Only,NIT-Patna,Civil Engineering,4 Years,B.Tech,GEN,25384,42140
21,2021,NIT,1,OS,Gender-Neutral,NIT-Patna,Civil Engineering,4 Years,B.Tech,GEN,20460,34680
21,2021,NIT,1,OS,Female-Only,NIT-Patna,Civil Engineering,4 Years,B.Tech,GEN,25384,42140
21,2021,NIT,1,OS,Gender-Neutral,NIT-Patna,Civil Engineering,4 Years,B.Tech,GEN,20460,34680
21,2021,NIT,1,OS,Female-Only,NIT-Patna,Civil Engineering,4 Years,B.Tech,GEN,25384,42140
21,2021,NIT,1,OS,Gender-Neutral,NIT-Patna,Civil Engineering,4 Years,B.Tech,GEN,20460,34680
21,2021,NIT,1,OS,Female-Only,NIT-Patna,Civil Engineering,4 Years,B.Tech,GEN,25384,42140
21,2021,NIT,1,OS,Gender-Neutral,NIT-Patna,Civil Engineering,4 Years,B.Tech,GEN,20460,34680
21,2021,NIT,1,OS,Female-Only,NIT-Patna,Civil Engineering,4 Years,B.Tech,GEN,25384,42140
21,2021,NIT,1,OS,Gender-Neutral,NIT-Patna,Civil Engineering,4 Years,B.Tech,GEN,20460,34680
21,2021,NIT,1,OS,Female-Only,NIT-Patna,Civil Engineering,4 Years,B.Tech,GEN,25384,42140
21,2021,NIT,1,OS,Gender-Neutral,NIT-Patna,Mechanical Engineering,4 Years,B.Tech,GEN,19814,28037
21,2021,NIT,1,OS,Female-Only,NIT-Patna,Mechanical Engineering,4 Years,B.Tech,GEN,35848,39299
22,2021,NIT,1,OS,Gender-Neutral,NIT-Puducherry,Civil Engineering,4 Years,B.Tech,GEN,31025,35359
21,2021,NIT,1,OS,Gender-Neutral,NIT-Patna,Mechanical Engineering,4 Years,B.Tech,GEN,19814,28037
21,2021,NIT,1,OS,Female-Only,NIT-Patna,Mechanical Engineering,4 Years,B.Tech,GEN,35848,39299
22,2021,NIT,1,OS,Gender-Neutral,NIT-Puducherry,Civil Engineering,4 Years,B.Tech,GEN,31025,35359
21,2021,NIT,1,OS,Gender-Neutral,NIT-Patna,Mechanical Engineering,4 Years,B.Tech,GEN,19814,28037
21,2021,NIT,1,OS,Female-Only,NIT-Patna,Mechanical Engineering,4 Years,B.Tech,GEN,35848,39299
22,2021,NIT,1,OS,Gender-Neutral,NIT-Puducherry,Civil Engineering,4 Years,B.Tech,GEN,31025,35359
21,2021,NIT,1,OS,Gender-Neutral,NIT-Patna,Mechanical Engineering,4 Years,B.Tech,GEN,19814,28037
21,2021,NIT,1,OS,Female-Only,NIT-Patna,Mechanical Engineering,4 Years,B.Tech,GEN,35848,39299
22,2021,NIT,1,OS,Gender-Neutral,NIT-Puducherry,Civil Engineering,4 Years,B.Tech,GEN,31025,35359
21,2021,NIT,1,OS,Gender-Neutral,NIT-Patna,Mechanical Engineering,4 Years,B.Tech,GEN,19814,28037
21,2021,NIT,1,OS,Female-Only,NIT-Patna,Mechanical Engineering,4 Years,B.Tech,GEN,35848,39299
22,2021,NIT,1,OS,Gender-Neutral,NIT-Puducherry,Civil Engineering,4 Years,B.Tech,GEN,31025,35359
21,2021,NIT,1,OS,Gender-Neutral,NIT-Patna,Mechanical Engineering,4 Years,B.Tech,GEN,19814,28037
21,2021,NIT,1,OS,Female-Only,NIT-Patna,Mechanical Engineering,4 Years,B.Tech,GEN,35848,39299
22,2021,NIT,1,OS,Gender-Neutral,NIT-Puducherry,Civil Engineering,4 Years,B.Tech,GEN,31025,35359
22,2021,NIT,1,OS,Female-Only,NIT-Puducherry,Civil Engineering,4 Years,B.Tech,GEN,34466,34466
22,2021,NIT,1,OS,Female-Only,NIT-Puducherry,Civil Engineering,4 Years,B.Tech,GEN,34466,34466
22,2021,NIT,1,OS,Female-Only,NIT-Puducherry,Civil Engineering,4 Years,B.Tech,GEN,34466,34466
22,2021,NIT,1,OS,Female-Only,NIT-Puducherry,Civil Engineering,4 Years,B.Tech,GEN,34466,34466
22,2021,NIT,1,OS,Female-Only,NIT-Puducherry,Civil Engineering,4 Years,B.Tech,GEN,34466,34466
22,2021,NIT,1,OS,Female-Only,NIT-Puducherry,Civil Engineering,4 Years,B.Tech,GEN,34466,34466
22,2021,NIT,1,OS,Gender-Neutral,NIT-Puducherry,Mechanical Engineering,4 Years,B.Tech,GEN,22612,26431
22,2021,NIT,1,OS,Female-Only,NIT-Puducherry,Mechanical Engineering,4 Years,B.Tech,GEN,30021,30021
22,2021,NIT,1,OS,Gender-Neutral,NIT-Puducherry,Mechanical Engineering,4 Years,B.Tech,GEN,22612,26431
22,2021,NIT,1,OS,Female-Only,NIT-Puducherry,Mechanical Engineering,4 Years,B.Tech,GEN,30021,30021
22,2021,NIT,1,OS,Gender-Neutral,NIT-Puducherry,Mechanical Engineering,4 Years,B.Tech,GEN,22612,26431
22,2021,NIT,1,OS,Female-Only,NIT-Puducherry,Mechanical Engineering,4 Years,B.Tech,GEN,30021,30021
22,2021,NIT,1,OS,Gender-Neutral,NIT-Puducherry,Mechanical Engineering,4 Years,B.Tech,GEN,22612,26431
22,2021,NIT,1,OS,Female-Only,NIT-Puducherry,Mechanical Engineering,4 Years,B.Tech,GEN,30021,30021
22,2021,NIT,1,OS,Gender-Neutral,NIT-Puducherry,Mechanical Engineering,4 Years,B.Tech,GEN,22612,26431
22,2021,NIT,1,OS,Female-Only,NIT-Puducherry,Mechanical Engineering,4 Years,B.Tech,GEN,30021,30021
22,2021,NIT,1,OS,Gender-Neutral,NIT-Puducherry,Mechanical Engineering,4 Years,B.Tech,GEN,22612,26431
22,2021,NIT,1,OS,Female-Only,NIT-Puducherry,Mechanical Engineering,4 Years,B.Tech,GEN,30021,30021
23,2021,NIT,1,OS,Gender-Neutral,NIT-Raipur,Civil Engineering,4 Years,B.Tech,GEN,30322,32956
23,2021,NIT,1,OS,Female-Only,NIT-Raipur,Civil Engineering,4 Years,B.Tech,GEN,35629,40648
23,2021,NIT,1,OS,Gender-Neutral,NIT-Raipur,Civil Engineering,4 Years,B.Tech,GEN,30322,32956
23,2021,NIT,1,OS,Female-Only,NIT-Raipur,Civil Engineering,4 Years,B.Tech,GEN,35629,40648
23,2021,NIT,1,OS,Gender-Neutral,NIT-Raipur,Civil Engineering,4 Years,B.Tech,GEN,30322,32956
23,2021,NIT,1,OS,Female-Only,NIT-Raipur,Civil Engineering,4 Years,B.Tech,GEN,35629,40648
23,2021,NIT,1,OS,Gender-Neutral,NIT-Raipur,Civil Engineering,4 Years,B.Tech,GEN,30322,32956
23,2021,NIT,1,OS,Female-Only,NIT-Raipur,Civil Engineering,4 Years,B.Tech,GEN,35629,40648
23,2021,NIT,1,OS,Gender-Neutral,NIT-Raipur,Civil Engineering,4 Years,B.Tech,GEN,30322,32956
23,2021,NIT,1,OS,Female-Only,NIT-Raipur,Civil Engineering,4 Years,B.Tech,GEN,35629,40648
23,2021,NIT,1,OS,Gender-Neutral,NIT-Raipur,Civil Engineering,4 Years,B.Tech,GEN,30322,32956
23,2021,NIT,1,OS,Female-Only,NIT-Raipur,Civil Engineering,4 Years,B.Tech,GEN,35629,40648
23,2021,NIT,1,OS,Female-Only,NIT-Raipur,Mechanical Engineering,4 Years,B.Tech,GEN,32407,35179
23,2021,NIT,1,OS,Female-Only,NIT-Raipur,Mechanical Engineering,4 Years,B.Tech,GEN,32407,35179
23,2021,NIT,1,OS,Female-Only,NIT-Raipur,Mechanical Engineering,4 Years,B.Tech,GEN,32407,35179
23,2021,NIT,1,OS,Female-Only,NIT-Raipur,Mechanical Engineering,4 Years,B.Tech,GEN,32407,35179
23,2021,NIT,1,OS,Female-Only,NIT-Raipur,Mechanical Engineering,4 Years,B.Tech,GEN,32407,35179
23,2021,NIT,1,OS,Female-Only,NIT-Raipur,Mechanical Engineering,4 Years,B.Tech,GEN,32407,35179
23,2021,NIT,1,OS,Gender-Neutral,NIT-Raipur,Mechanical Engineering,4 Years,B.Tech,GEN,23174,25764
23,2021,NIT,1,OS,Gender-Neutral,NIT-Raipur,Mechanical Engineering,4 Years,B.Tech,GEN,23174,25764
23,2021,NIT,1,OS,Gender-Neutral,NIT-Raipur,Mechanical Engineering,4 Years,B.Tech,GEN,23174,25764
23,2021,NIT,1,OS,Gender-Neutral,NIT-Raipur,Mechanical Engineering,4 Years,B.Tech,GEN,23174,25764
23,2021,NIT,1,OS,Gender-Neutral,NIT-Raipur,Mechanical Engineering,4 Years,B.Tech,GEN,23174,25764
23,2021,NIT,1,OS,Gender-Neutral,NIT-Raipur,Mechanical Engineering,4 Years,B.Tech,GEN,23174,25764
25,2021,NIT,1,OS,Gender-Neutral,NIT-Sikkim,Civil Engineering,4 Years,B.Tech,GEN,37637,41655
25,2021,NIT,1,OS,Female-Only,NIT-Sikkim,Civil Engineering,4 Years,B.Tech,GEN,51353,51353
25,2021,NIT,1,OS,Gender-Neutral,NIT-Sikkim,Civil Engineering,4 Years,B.Tech,GEN,37637,41655
25,2021,NIT,1,OS,Female-Only,NIT-Sikkim,Civil Engineering,4 Years,B.Tech,GEN,51353,51353
25,2021,NIT,1,OS,Gender-Neutral,NIT-Sikkim,Civil Engineering,4 Years,B.Tech,GEN,37637,41655
25,2021,NIT,1,OS,Female-Only,NIT-Sikkim,Civil Engineering,4 Years,B.Tech,GEN,51353,51353
25,2021,NIT,1,OS,Gender-Neutral,NIT-Sikkim,Civil Engineering,4 Years,B.Tech,GEN,37637,41655
25,2021,NIT,1,OS,Female-Only,NIT-Sikkim,Civil Engineering,4 Years,B.Tech,GEN,51353,51353
25,2021,NIT,1,OS,Gender-Neutral,NIT-Sikkim,Civil Engineering,4 Years,B.Tech,GEN,37637,41655
25,2021,NIT,1,OS,Female-Only,NIT-Sikkim,Civil Engineering,4 Years,B.Tech,GEN,51353,51353
25,2021,NIT,1,OS,Gender-Neutral,NIT-Sikkim,Civil Engineering,4 Years,B.Tech,GEN,37637,41655
25,2021,NIT,1,OS,Female-Only,NIT-Sikkim,Civil Engineering,4 Years,B.Tech,GEN,51353,51353
25,2021,NIT,1,OS,Gender-Neutral,NIT-Sikkim,Mechanical Engineering,4 Years,B.Tech,GEN,30196,37174
25,2021,NIT,1,OS,Female-Only,NIT-Sikkim,Mechanical Engineering,4 Years,B.Tech,GEN,43554,44576
25,2021,NIT,1,OS,Gender-Neutral,NIT-Sikkim,Mechanical Engineering,4 Years,B.Tech,GEN,30196,37174
25,2021,NIT,1,OS,Female-Only,NIT-Sikkim,Mechanical Engineering,4 Years,B.Tech,GEN,43554,44576
25,2021,NIT,1,OS,Gender-Neutral,NIT-Sikkim,Mechanical Engineering,4 Years,B.Tech,GEN,30196,37174
25,2021,NIT,1,OS,Female-Only,NIT-Sikkim,Mechanical Engineering,4 Years,B.Tech,GEN,43554,44576
25,2021,NIT,1,OS,Gender-Neutral,NIT-Sikkim,Mechanical Engineering,4 Years,B.Tech,GEN,30196,37174
25,2021,NIT,1,OS,Female-Only,NIT-Sikkim,Mechanical Engineering,4 Years,B.Tech,GEN,43554,44576
25,2021,NIT,1,OS,Gender-Neutral,NIT-Sikkim,Mechanical Engineering,4 Years,B.Tech,GEN,30196,37174
25,2021,NIT,1,OS,Female-Only,NIT-Sikkim,Mechanical Engineering,4 Years,B.Tech,GEN,43554,44576
25,2021,NIT,1,OS,Gender-Neutral,NIT-Sikkim,Mechanical Engineering,4 Years,B.Tech,GEN,30196,37174
25,2021,NIT,1,OS,Female-Only,NIT-Sikkim,Mechanical Engineering,4 Years,B.Tech,GEN,43554,44576
4,2021,NIT,1,OS,Gender-Neutral,NIT-Arunachal-Pradesh,Civil Engineering,4 Years,B.Tech,GEN,40823,43288
4,2021,NIT,1,OS,Female-Only,NIT-Arunachal-Pradesh,Civil Engineering,4 Years,B.Tech,GEN,48600,51400
4,2021,NIT,1,OS,Gender-Neutral,NIT-Arunachal-Pradesh,Civil Engineering,4 Years,B.Tech,GEN,40823,43288
4,2021,NIT,1,OS,Female-Only,NIT-Arunachal-Pradesh,Civil Engineering,4 Years,B.Tech,GEN,48600,51400
4,2021,NIT,1,OS,Gender-Neutral,NIT-Arunachal-Pradesh,Civil Engineering,4 Years,B.Tech,GEN,40823,43288
4,2021,NIT,1,OS,Female-Only,NIT-Arunachal-Pradesh,Civil Engineering,4 Years,B.Tech,GEN,48600,51400
4,2021,NIT,1,OS,Gender-Neutral,NIT-Arunachal-Pradesh,Civil Engineering,4 Years,B.Tech,GEN,40823,43288
4,2021,NIT,1,OS,Female-Only,NIT-Arunachal-Pradesh,Civil Engineering,4 Years,B.Tech,GEN,48600,51400
4,2021,NIT,1,OS,Gender-Neutral,NIT-Arunachal-Pradesh,Civil Engineering,4 Years,B.Tech,GEN,40823,43288
4,2021,NIT,1,OS,Female-Only,NIT-Arunachal-Pradesh,Civil Engineering,4 Years,B.Tech,GEN,48600,51400
4,2021,NIT,1,OS,Gender-Neutral,NIT-Arunachal-Pradesh,Civil Engineering,4 Years,B.Tech,GEN,40823,43288
4,2021,NIT,1,OS,Female-Only,NIT-Arunachal-Pradesh,Civil Engineering,4 Years,B.Tech,GEN,48600,51400
4,2021,NIT,1,OS,Gender-Neutral,NIT-Arunachal-Pradesh,Mechanical Engineering,4 Years,B.Tech,GEN,36963,40581
4,2021,NIT,1,OS,Female-Only,NIT-Arunachal-Pradesh,Mechanical Engineering,4 Years,B.Tech,GEN,43855,43967
13,2021,NIT,1,OS,Gender-Neutral,NIT-Jamshedpur,Civil Engineering,4 Years,B.Tech,GEN,23059,29649
13,2021,NIT,1,OS,Female-Only,NIT-Jamshedpur,Civil Engineering,4 Years,B.Tech,GEN,37011,39654
4,2021,NIT,1,OS,Gender-Neutral,NIT-Arunachal-Pradesh,Mechanical Engineering,4 Years,B.Tech,GEN,36963,40581
4,2021,NIT,1,OS,Female-Only,NIT-Arunachal-Pradesh,Mechanical Engineering,4 Years,B.Tech,GEN,43855,43967
13,2021,NIT,1,OS,Gender-Neutral,NIT-Jamshedpur,Civil Engineering,4 Years,B.Tech,GEN,23059,29649
13,2021,NIT,1,OS,Female-Only,NIT-Jamshedpur,Civil Engineering,4 Years,B.Tech,GEN,37011,39654
4,2021,NIT,1,OS,Gender-Neutral,NIT-Arunachal-Pradesh,Mechanical Engineering,4 Years,B.Tech,GEN,36963,40581
4,2021,NIT,1,OS,Female-Only,NIT-Arunachal-Pradesh,Mechanical Engineering,4 Years,B.Tech,GEN,43855,43967
13,2021,NIT,1,OS,Gender-Neutral,NIT-Jamshedpur,Civil Engineering,4 Years,B.Tech,GEN,23059,29649
13,2021,NIT,1,OS,Female-Only,NIT-Jamshedpur,Civil Engineering,4 Years,B.Tech,GEN,37011,39654
4,2021,NIT,1,OS,Gender-Neutral,NIT-Arunachal-Pradesh,Mechanical Engineering,4 Years,B.Tech,GEN,36963,40581
4,2021,NIT,1,OS,Female-Only,NIT-Arunachal-Pradesh,Mechanical Engineering,4 Years,B.Tech,GEN,43855,43967
13,2021,NIT,1,OS,Gender-Neutral,NIT-Jamshedpur,Civil Engineering,4 Years,B.Tech,GEN,23059,29649
13,2021,NIT,1,OS,Female-Only,NIT-Jamshedpur,Civil Engineering,4 Years,B.Tech,GEN,37011,39654
4,2021,NIT,1,OS,Gender-Neutral,NIT-Arunachal-Pradesh,Mechanical Engineering,4 Years,B.Tech,GEN,36963,40581
4,2021,NIT,1,OS,Female-Only,NIT-Arunachal-Pradesh,Mechanical Engineering,4 Years,B.Tech,GEN,43855,43967
13,2021,NIT,1,OS,Gender-Neutral,NIT-Jamshedpur,Civil Engineering,4 Years,B.Tech,GEN,23059,29649
13,2021,NIT,1,OS,Female-Only,NIT-Jamshedpur,Civil Engineering,4 Years,B.Tech,GEN,37011,39654
4,2021,NIT,1,OS,Gender-Neutral,NIT-Arunachal-Pradesh,Mechanical Engineering,4 Years,B.Tech,GEN,36963,40581
4,2021,NIT,1,OS,Female-Only,NIT-Arunachal-Pradesh,Mechanical Engineering,4 Years,B.Tech,GEN,43855,43967
13,2021,NIT,1,OS,Gender-Neutral,NIT-Jamshedpur,Civil Engineering,4 Years,B.Tech,GEN,23059,29649
13,2021,NIT,1,OS,Female-Only,NIT-Jamshedpur,Civil Engineering,4 Years,B.Tech,GEN,37011,39654
13,2021,NIT,1,OS,Gender-Neutral,NIT-Jamshedpur,Mechanical Engineering,4 Years,B.Tech,GEN,17211,22307
13,2021,NIT,1,OS,Female-Only,NIT-Jamshedpur,Mechanical Engineering,4 Years,B.Tech,GEN,29142,33823
13,2021,NIT,1,OS,Gender-Neutral,NIT-Jamshedpur,Mechanical Engineering,4 Years,B.Tech,GEN,17211,22307
13,2021,NIT,1,OS,Female-Only,NIT-Jamshedpur,Mechanical Engineering,4 Years,B.Tech,GEN,29142,33823
13,2021,NIT,1,OS,Gender-Neutral,NIT-Jamshedpur,Mechanical Engineering,4 Years,B.Tech,GEN,17211,22307
13,2021,NIT,1,OS,Female-Only,NIT-Jamshedpur,Mechanical Engineering,4 Years,B.Tech,GEN,29142,33823
13,2021,NIT,1,OS,Gender-Neutral,NIT-Jamshedpur,Mechanical Engineering,4 Years,B.Tech,GEN,17211,22307
13,2021,NIT,1,OS,Female-Only,NIT-Jamshedpur,Mechanical Engineering,4 Years,B.Tech,GEN,29142,33823
13,2021,NIT,1,OS,Gender-Neutral,NIT-Jamshedpur,Mechanical Engineering,4 Years,B.Tech,GEN,17211,22307
13,2021,NIT,1,OS,Female-Only,NIT-Jamshedpur,Mechanical Engineering,4 Years,B.Tech,GEN,29142,33823
13,2021,NIT,1,OS,Gender-Neutral,NIT-Jamshedpur,Mechanical Engineering,4 Years,B.Tech,GEN,17211,22307
13,2021,NIT,1,OS,Female-Only,NIT-Jamshedpur,Mechanical Engineering,4 Years,B.Tech,GEN,29142,33823
13,2021,NIT,1,OS,Gender-Neutral,NIT-Jamshedpur,Production and Industrial Engineering,4 Years,B.Tech,GEN,29014,35046
13,2021,NIT,1,OS,Female-Only,NIT-Jamshedpur,Production and Industrial Engineering,4 Years,B.Tech,GEN,41330,41420
13,2021,NIT,1,OS,Gender-Neutral,NIT-Jamshedpur,Production and Industrial Engineering,4 Years,B.Tech,GEN,29014,35046
13,2021,NIT,1,OS,Female-Only,NIT-Jamshedpur,Production and Industrial Engineering,4 Years,B.Tech,GEN,41330,41420
13,2021,NIT,1,OS,Gender-Neutral,NIT-Jamshedpur,Production and Industrial Engineering,4 Years,B.Tech,GEN,29014,35046
13,2021,NIT,1,OS,Female-Only,NIT-Jamshedpur,Production and Industrial Engineering,4 Years,B.Tech,GEN,41330,41420
13,2021,NIT,1,OS,Gender-Neutral,NIT-Jamshedpur,Production and Industrial Engineering,4 Years,B.Tech,GEN,29014,35046
13,2021,NIT,1,OS,Female-Only,NIT-Jamshedpur,Production and Industrial Engineering,4 Years,B.Tech,GEN,41330,41420
13,2021,NIT,1,OS,Gender-Neutral,NIT-Jamshedpur,Production and Industrial Engineering,4 Years,B.Tech,GEN,29014,35046
13,2021,NIT,1,OS,Female-Only,NIT-Jamshedpur,Production and Industrial Engineering,4 Years,B.Tech,GEN,41330,41420
13,2021,NIT,1,OS,Gender-Neutral,NIT-Jamshedpur,Production and Industrial Engineering,4 Years,B.Tech,GEN,29014,35046
13,2021,NIT,1,OS,Female-Only,NIT-Jamshedpur,Production and Industrial Engineering,4 Years,B.Tech,GEN,41330,41420
15,2021,NIT,1,OS,Gender-Neutral,NIT-Kurukshetra,Civil Engineering,4 Years,B.Tech,GEN,18693,27602
15,2021,NIT,1,OS,Female-Only,NIT-Kurukshetra,Civil Engineering,4 Years,B.Tech,GEN,30268,34115
15,2021,NIT,1,OS,Gender-Neutral,NIT-Kurukshetra,Civil Engineering,4 Years,B.Tech,GEN,18693,27602
15,2021,NIT,1,OS,Female-Only,NIT-Kurukshetra,Civil Engineering,4 Years,B.Tech,GEN,30268,34115
15,2021,NIT,1,OS,Gender-Neutral,NIT-Kurukshetra,Civil Engineering,4 Years,B.Tech,GEN,18693,27602
15,2021,NIT,1,OS,Female-Only,NIT-Kurukshetra,Civil Engineering,4 Years,B.Tech,GEN,30268,34115
15,2021,NIT,1,OS,Gender-Neutral,NIT-Kurukshetra,Civil Engineering,4 Years,B.Tech,GEN,18693,27602
15,2021,NIT,1,OS,Female-Only,NIT-Kurukshetra,Civil Engineering,4 Years,B.Tech,GEN,30268,34115
15,2021,NIT,1,OS,Gender-Neutral,NIT-Kurukshetra,Civil Engineering,4 Years,B.Tech,GEN,18693,27602
15,2021,NIT,1,OS,Female-Only,NIT-Kurukshetra,Civil Engineering,4 Years,B.Tech,GEN,30268,34115
15,2021,NIT,1,OS,Gender-Neutral,NIT-Kurukshetra,Civil Engineering,4 Years,B.Tech,GEN,18693,27602
15,2021,NIT,1,OS,Female-Only,NIT-Kurukshetra,Civil Engineering,4 Years,B.Tech,GEN,30268,34115
15,2021,NIT,1,OS,Gender-Neutral,NIT-Kurukshetra,Mechanical Engineering,4 Years,B.Tech,GEN,14107,19152
15,2021,NIT,1,OS,Female-Only,NIT-Kurukshetra,Mechanical Engineering,4 Years,B.Tech,GEN,28777,30391
15,2021,NIT,1,OS,Gender-Neutral,NIT-Kurukshetra,Production and Industrial Engineering,4 Years,B.Tech,GEN,26840,32287
15,2021,NIT,1,OS,Female-Only,NIT-Kurukshetra,Production and Industrial Engineering,4 Years,B.Tech,GEN,38632,39906
15,2021,NIT,1,OS,Gender-Neutral,NIT-Kurukshetra,Mechanical Engineering,4 Years,B.Tech,GEN,14107,19152
15,2021,NIT,1,OS,Female-Only,NIT-Kurukshetra,Mechanical Engineering,4 Years,B.Tech,GEN,28777,30391
15,2021,NIT,1,OS,Gender-Neutral,NIT-Kurukshetra,Production and Industrial Engineering,4 Years,B.Tech,GEN,26840,32287
15,2021,NIT,1,OS,Female-Only,NIT-Kurukshetra,Production and Industrial Engineering,4 Years,B.Tech,GEN,38632,39906
15,2021,NIT,1,OS,Gender-Neutral,NIT-Kurukshetra,Mechanical Engineering,4 Years,B.Tech,GEN,14107,19152
15,2021,NIT,1,OS,Female-Only,NIT-Kurukshetra,Mechanical Engineering,4 Years,B.Tech,GEN,28777,30391
15,2021,NIT,1,OS,Gender-Neutral,NIT-Kurukshetra,Production and Industrial Engineering,4 Years,B.Tech,GEN,26840,32287
15,2021,NIT,1,OS,Female-Only,NIT-Kurukshetra,Production and Industrial Engineering,4 Years,B.Tech,GEN,38632,39906
15,2021,NIT,1,OS,Gender-Neutral,NIT-Kurukshetra,Mechanical Engineering,4 Years,B.Tech,GEN,14107,19152
15,2021,NIT,1,OS,Female-Only,NIT-Kurukshetra,Mechanical Engineering,4 Years,B.Tech,GEN,28777,30391
15,2021,NIT,1,OS,Gender-Neutral,NIT-Kurukshetra,Production and Industrial Engineering,4 Years,B.Tech,GEN,26840,32287
15,2021,NIT,1,OS,Female-Only,NIT-Kurukshetra,Production and Industrial Engineering,4 Years,B.Tech,GEN,38632,39906
15,2021,NIT,1,OS,Gender-Neutral,NIT-Kurukshetra,Mechanical Engineering,4 Years,B.Tech,GEN,14107,19152
15,2021,NIT,1,OS,Female-Only,NIT-Kurukshetra,Mechanical Engineering,4 Years,B.Tech,GEN,28777,30391
15,2021,NIT,1,OS,Gender-Neutral,NIT-Kurukshetra,Production and Industrial Engineering,4 Years,B.Tech,GEN,26840,32287
15,2021,NIT,1,OS,Female-Only,NIT-Kurukshetra,Production and Industrial Engineering,4 Years,B.Tech,GEN,38632,39906
15,2021,NIT,1,OS,Gender-Neutral,NIT-Kurukshetra,Mechanical Engineering,4 Years,B.Tech,GEN,14107,19152
15,2021,NIT,1,OS,Female-Only,NIT-Kurukshetra,Mechanical Engineering,4 Years,B.Tech,GEN,28777,30391
15,2021,NIT,1,OS,Gender-Neutral,NIT-Kurukshetra,Production and Industrial Engineering,4 Years,B.Tech,GEN,26840,32287
15,2021,NIT,1,OS,Female-Only,NIT-Kurukshetra,Production and Industrial Engineering,4 Years,B.Tech,GEN,38632,39906
16,2021,NIT,1,OS,Gender-Neutral,NIT-Manipur,Civil Engineering,4 Years,B.Tech,GEN,35257,42172
16,2021,NIT,1,OS,Female-Only,NIT-Manipur,Civil Engineering,4 Years,B.Tech,GEN,49714,49870
16,2021,NIT,1,OS,Gender-Neutral,NIT-Manipur,Civil Engineering,4 Years,B.Tech,GEN,35257,42172
16,2021,NIT,1,OS,Female-Only,NIT-Manipur,Civil Engineering,4 Years,B.Tech,GEN,49714,49870
16,2021,NIT,1,OS,Gender-Neutral,NIT-Manipur,Civil Engineering,4 Years,B.Tech,GEN,35257,42172
16,2021,NIT,1,OS,Female-Only,NIT-Manipur,Civil Engineering,4 Years,B.Tech,GEN,49714,49870
16,2021,NIT,1,OS,Gender-Neutral,NIT-Manipur,Civil Engineering,4 Years,B.Tech,GEN,35257,42172
16,2021,NIT,1,OS,Female-Only,NIT-Manipur,Civil Engineering,4 Years,B.Tech,GEN,49714,49870
16,2021,NIT,1,OS,Gender-Neutral,NIT-Manipur,Civil Engineering,4 Years,B.Tech,GEN,35257,42172
16,2021,NIT,1,OS,Female-Only,NIT-Manipur,Civil Engineering,4 Years,B.Tech,GEN,49714,49870
16,2021,NIT,1,OS,Gender-Neutral,NIT-Manipur,Civil Engineering,4 Years,B.Tech,GEN,35257,42172
16,2021,NIT,1,OS,Female-Only,NIT-Manipur,Civil Engineering,4 Years,B.Tech,GEN,49714,49870
16,2021,NIT,1,OS,Gender-Neutral,NIT-Manipur,Mechanical Engineering,4 Years,B.Tech,GEN,37521,39521
16,2021,NIT,1,OS,Female-Only,NIT-Manipur,Mechanical Engineering,4 Years,B.Tech,GEN,44633,46047
18,2021,NIT,1,OS,Gender-Neutral,NIT-Mizoram,Civil Engineering,4 Years,B.Tech,GEN,42593,43468
18,2021,NIT,1,OS,Female-Only,NIT-Mizoram,Civil Engineering,4 Years,B.Tech,GEN,52145,52145
16,2021,NIT,1,OS,Gender-Neutral,NIT-Manipur,Mechanical Engineering,4 Years,B.Tech,GEN,37521,39521
16,2021,NIT,1,OS,Female-Only,NIT-Manipur,Mechanical Engineering,4 Years,B.Tech,GEN,44633,46047
18,2021,NIT,1,OS,Gender-Neutral,NIT-Mizoram,Civil Engineering,4 Years,B.Tech,GEN,42593,43468
18,2021,NIT,1,OS,Female-Only,NIT-Mizoram,Civil Engineering,4 Years,B.Tech,GEN,52145,52145
16,2021,NIT,1,OS,Gender-Neutral,NIT-Manipur,Mechanical Engineering,4 Years,B.Tech,GEN,37521,39521
16,2021,NIT,1,OS,Female-Only,NIT-Manipur,Mechanical Engineering,4 Years,B.Tech,GEN,44633,46047
18,2021,NIT,1,OS,Gender-Neutral,NIT-Mizoram,Civil Engineering,4 Years,B.Tech,GEN,42593,43468
18,2021,NIT,1,OS,Female-Only,NIT-Mizoram,Civil Engineering,4 Years,B.Tech,GEN,52145,52145
16,2021,NIT,1,OS,Gender-Neutral,NIT-Manipur,Mechanical Engineering,4 Years,B.Tech,GEN,37521,39521
16,2021,NIT,1,OS,Female-Only,NIT-Manipur,Mechanical Engineering,4 Years,B.Tech,GEN,44633,46047
18,2021,NIT,1,OS,Gender-Neutral,NIT-Mizoram,Civil Engineering,4 Years,B.Tech,GEN,42593,43468
18,2021,NIT,1,OS,Female-Only,NIT-Mizoram,Civil Engineering,4 Years,B.Tech,GEN,52145,52145
16,2021,NIT,1,OS,Gender-Neutral,NIT-Manipur,Mechanical Engineering,4 Years,B.Tech,GEN,37521,39521
16,2021,NIT,1,OS,Female-Only,NIT-Manipur,Mechanical Engineering,4 Years,B.Tech,GEN,44633,46047
18,2021,NIT,1,OS,Gender-Neutral,NIT-Mizoram,Civil Engineering,4 Years,B.Tech,GEN,42593,43468
18,2021,NIT,1,OS,Female-Only,NIT-Mizoram,Civil Engineering,4 Years,B.Tech,GEN,52145,52145
16,2021,NIT,1,OS,Gender-Neutral,NIT-Manipur,Mechanical Engineering,4 Years,B.Tech,GEN,37521,39521
16,2021,NIT,1,OS,Female-Only,NIT-Manipur,Mechanical Engineering,4 Years,B.Tech,GEN,44633,46047
18,2021,NIT,1,OS,Gender-Neutral,NIT-Mizoram,Civil Engineering,4 Years,B.Tech,GEN,42593,43468
18,2021,NIT,1,OS,Female-Only,NIT-Mizoram,Civil Engineering,4 Years,B.Tech,GEN,52145,52145
18,2021,NIT,1,OS,Gender-Neutral,NIT-Mizoram,Mechanical Engineering,4 Years,B.Tech,GEN,35000,40646
18,2021,NIT,1,OS,Female-Only,NIT-Mizoram,Mechanical Engineering,4 Years,B.Tech,GEN,48043,48680
18,2021,NIT,1,OS,Gender-Neutral,NIT-Mizoram,Mechanical Engineering,4 Years,B.Tech,GEN,35000,40646
18,2021,NIT,1,OS,Female-Only,NIT-Mizoram,Mechanical Engineering,4 Years,B.Tech,GEN,48043,48680
18,2021,NIT,1,OS,Gender-Neutral,NIT-Mizoram,Mechanical Engineering,4 Years,B.Tech,GEN,35000,40646
18,2021,NIT,1,OS,Female-Only,NIT-Mizoram,Mechanical Engineering,4 Years,B.Tech,GEN,48043,48680
18,2021,NIT,1,OS,Gender-Neutral,NIT-Mizoram,Mechanical Engineering,4 Years,B.Tech,GEN,35000,40646
18,2021,NIT,1,OS,Female-Only,NIT-Mizoram,Mechanical Engineering,4 Years,B.Tech,GEN,48043,48680
18,2021,NIT,1,OS,Gender-Neutral,NIT-Mizoram,Mechanical Engineering,4 Years,B.Tech,GEN,35000,40646
18,2021,NIT,1,OS,Female-Only,NIT-Mizoram,Mechanical Engineering,4 Years,B.Tech,GEN,48043,48680
18,2021,NIT,1,OS,Gender-Neutral,NIT-Mizoram,Mechanical Engineering,4 Years,B.Tech,GEN,35000,40646
18,2021,NIT,1,OS,Female-Only,NIT-Mizoram,Mechanical Engineering,4 Years,B.Tech,GEN,48043,48680
24,2021,NIT,1,OS,Gender-Neutral,NIT-Rourkela,Civil Engineering,4 Years,B.Tech,GEN,15385,18763
24,2021,NIT,1,OS,Female-Only,NIT-Rourkela,Civil Engineering,4 Years,B.Tech,GEN,25804,31076
24,2021,NIT,1,OS,Gender-Neutral,NIT-Rourkela,Civil Engineering,4 Years,B.Tech,GEN,15385,18763
24,2021,NIT,1,OS,Female-Only,NIT-Rourkela,Civil Engineering,4 Years,B.Tech,GEN,25804,31076
24,2021,NIT,1,OS,Gender-Neutral,NIT-Rourkela,Civil Engineering,4 Years,B.Tech,GEN,15385,18763
24,2021,NIT,1,OS,Female-Only,NIT-Rourkela,Civil Engineering,4 Years,B.Tech,GEN,25804,31076
24,2021,NIT,1,OS,Gender-Neutral,NIT-Rourkela,Civil Engineering,4 Years,B.Tech,GEN,15385,18763
24,2021,NIT,1,OS,Female-Only,NIT-Rourkela,Civil Engineering,4 Years,B.Tech,GEN,25804,31076
24,2021,NIT,1,OS,Gender-Neutral,NIT-Rourkela,Civil Engineering,4 Years,B.Tech,GEN,15385,18763
24,2021,NIT,1,OS,Female-Only,NIT-Rourkela,Civil Engineering,4 Years,B.Tech,GEN,25804,31076
24,2021,NIT,1,OS,Gender-Neutral,NIT-Rourkela,Civil Engineering,4 Years,B.Tech,GEN,15385,18763
24,2021,NIT,1,OS,Female-Only,NIT-Rourkela,Civil Engineering,4 Years,B.Tech,GEN,25804,31076
24,2021,NIT,1,OS,Gender-Neutral,NIT-Rourkela,Mechanical Engineering,4 Years,B.Tech,GEN,9891,13189
24,2021,NIT,1,OS,Female-Only,NIT-Rourkela,Mechanical Engineering,4 Years,B.Tech,GEN,19293,22443
24,2021,NIT,1,OS,Gender-Neutral,NIT-Rourkela,Mechanical Engineering,4 Years,B.Tech,GEN,9891,13189
24,2021,NIT,1,OS,Female-Only,NIT-Rourkela,Mechanical Engineering,4 Years,B.Tech,GEN,19293,22443
24,2021,NIT,1,OS,Gender-Neutral,NIT-Rourkela,Mechanical Engineering,4 Years,B.Tech,GEN,9891,13189
24,2021,NIT,1,OS,Female-Only,NIT-Rourkela,Mechanical Engineering,4 Years,B.Tech,GEN,19293,22443
24,2021,NIT,1,OS,Gender-Neutral,NIT-Rourkela,Mechanical Engineering,4 Years,B.Tech,GEN,9891,13189
24,2021,NIT,1,OS,Female-Only,NIT-Rourkela,Mechanical Engineering,4 Years,B.Tech,GEN,19293,22443
24,2021,NIT,1,OS,Gender-Neutral,NIT-Rourkela,Mechanical Engineering,4 Years,B.Tech,GEN,9891,13189
24,2021,NIT,1,OS,Female-Only,NIT-Rourkela,Mechanical Engineering,4 Years,B.Tech,GEN,19293,22443
24,2021,NIT,1,OS,Gender-Neutral,NIT-Rourkela,Mechanical Engineering,4 Years,B.Tech,GEN,9891,13189
24,2021,NIT,1,OS,Female-Only,NIT-Rourkela,Mechanical Engineering,4 Years,B.Tech,GEN,19293,22443
26,2021,NIT,1,OS,Gender-Neutral,NIT-Silchar,Civil Engineering,4 Years,B.Tech,GEN,30958,35010
26,2021,NIT,1,OS,Female-Only,NIT-Silchar,Civil Engineering,4 Years,B.Tech,GEN,39732,42806
26,2021,NIT,1,OS,Gender-Neutral,NIT-Silchar,Civil Engineering,4 Years,B.Tech,GEN,30958,35010
26,2021,NIT,1,OS,Female-Only,NIT-Silchar,Civil Engineering,4 Years,B.Tech,GEN,39732,42806
26,2021,NIT,1,OS,Gender-Neutral,NIT-Silchar,Civil Engineering,4 Years,B.Tech,GEN,30958,35010
26,2021,NIT,1,OS,Female-Only,NIT-Silchar,Civil Engineering,4 Years,B.Tech,GEN,39732,42806
26,2021,NIT,1,OS,Gender-Neutral,NIT-Silchar,Civil Engineering,4 Years,B.Tech,GEN,30958,35010
26,2021,NIT,1,OS,Female-Only,NIT-Silchar,Civil Engineering,4 Years,B.Tech,GEN,39732,42806
26,2021,NIT,1,OS,Gender-Neutral,NIT-Silchar,Civil Engineering,4 Years,B.Tech,GEN,30958,35010
26,2021,NIT,1,OS,Female-Only,NIT-Silchar,Civil Engineering,4 Years,B.Tech,GEN,39732,42806
26,2021,NIT,1,OS,Gender-Neutral,NIT-Silchar,Civil Engineering,4 Years,B.Tech,GEN,30958,35010
26,2021,NIT,1,OS,Female-Only,NIT-Silchar,Civil Engineering,4 Years,B.Tech,GEN,39732,42806
26,2021,NIT,1,OS,Gender-Neutral,NIT-Silchar,Mechanical Engineering,4 Years,B.Tech,GEN,17040,27768
26,2021,NIT,1,OS,Female-Only,NIT-Silchar,Mechanical Engineering,4 Years,B.Tech,GEN,31806,37334
26,2021,NIT,1,OS,Gender-Neutral,NIT-Silchar,Mechanical Engineering,4 Years,B.Tech,GEN,17040,27768
26,2021,NIT,1,OS,Female-Only,NIT-Silchar,Mechanical Engineering,4 Years,B.Tech,GEN,31806,37334
26,2021,NIT,1,OS,Gender-Neutral,NIT-Silchar,Mechanical Engineering,4 Years,B.Tech,GEN,17040,27768
26,2021,NIT,1,OS,Female-Only,NIT-Silchar,Mechanical Engineering,4 Years,B.Tech,GEN,31806,37334
26,2021,NIT,1,OS,Gender-Neutral,NIT-Silchar,Mechanical Engineering,4 Years,B.Tech,GEN,17040,27768
26,2021,NIT,1,OS,Female-Only,NIT-Silchar,Mechanical Engineering,4 Years,B.Tech,GEN,31806,37334
26,2021,NIT,1,OS,Gender-Neutral,NIT-Silchar,Mechanical Engineering,4 Years,B.Tech,GEN,17040,27768
26,2021,NIT,1,OS,Female-Only,NIT-Silchar,Mechanical Engineering,4 Years,B.Tech,GEN,31806,37334
26,2021,NIT,1,OS,Gender-Neutral,NIT-Silchar,Mechanical Engineering,4 Years,B.Tech,GEN,17040,27768
26,2021,NIT,1,OS,Female-Only,NIT-Silchar,Mechanical Engineering,4 Years,B.Tech,GEN,31806,37334
27,2021,NIT,1,OS,Gender-Neutral,NIT-Srinagar,Civil Engineering,4 Years,B.Tech,GEN,35472,43558
27,2021,NIT,1,OS,Female-Only,NIT-Srinagar,Civil Engineering,4 Years,B.Tech,GEN,46239,49641
27,2021,NIT,1,OS,Gender-Neutral,NIT-Srinagar,Civil Engineering,4 Years,B.Tech,GEN,35472,43558
27,2021,NIT,1,OS,Female-Only,NIT-Srinagar,Civil Engineering,4 Years,B.Tech,GEN,46239,49641
27,2021,NIT,1,OS,Gender-Neutral,NIT-Srinagar,Civil Engineering,4 Years,B.Tech,GEN,35472,43558
27,2021,NIT,1,OS,Female-Only,NIT-Srinagar,Civil Engineering,4 Years,B.Tech,GEN,46239,49641
27,2021,NIT,1,OS,Gender-Neutral,NIT-Srinagar,Civil Engineering,4 Years,B.Tech,GEN,35472,43558
27,2021,NIT,1,OS,Female-Only,NIT-Srinagar,Civil Engineering,4 Years,B.Tech,GEN,46239,49641
27,2021,NIT,1,OS,Gender-Neutral,NIT-Srinagar,Civil Engineering,4 Years,B.Tech,GEN,35472,43558
27,2021,NIT,1,OS,Female-Only,NIT-Srinagar,Civil Engineering,4 Years,B.Tech,GEN,46239,49641
27,2021,NIT,1,OS,Gender-Neutral,NIT-Srinagar,Civil Engineering,4 Years,B.Tech,GEN,35472,43558
27,2021,NIT,1,OS,Female-Only,NIT-Srinagar,Civil Engineering,4 Years,B.Tech,GEN,46239,49641
